task,topology,mas_prompt,sample_idx,gold,prediction,correct,target_seed,matched_trajectories,num_repeated_trajectories,uprop_uncertainty,intrinsic_uncertainty,extrinsic_uncertainty,mean_step_pe
medqa,sequential,role,0,c,a,0,42,1,10,135.29835140654532,541.8372589453354,4.402982270075373,135.45931473633385
medqa,sequential,role,1,d,d,1,42,9,10,110.56631026528193,443.8157553617188,7.604284877348552,110.9539388404297
medqa,sequential,role,2,d,None,0,42,2,10,144.50304761440248,578.7056201689323,4.703929510678665,144.67640504223309
medqa,sequential,role,3,c,b,0,42,1,10,156.59220756283997,626.7623021439416,4.737924335597055,156.6905755359854
medqa,sequential,role,4,c,None,0,42,6,10,144.60518052624244,579.1385711048215,4.8103396172215716,144.78464277620537
medqa,sequential,role,5,d,None,0,42,5,10,169.16763567246986,677.1567863224537,5.101722778392174,169.28919658061344
medqa,sequential,role,6,a,None,0,42,4,10,147.59754651848348,590.7592034577294,2.6981078995336922,147.68980086443236
medqa,sequential,role,7,a,b,0,42,2,10,158.3093490453166,633.8562555964024,5.654775010417109,158.4640638991006
medqa,sequential,role,8,c,b,0,42,1,10,130.33286525006855,521.8310898103831,3.136950419259036,130.45777245259578
medqa,sequential,role,9,a,d,0,42,8,10,131.07550891791212,525.1880011453733,3.3138377381211037,131.29700028634332
medqa,sequential,role,10,b,None,0,42,7,10,102.93611431386478,412.24269050390166,4.082848113854737,103.06067262597541
medqa,sequential,role,11,d,b,0,42,5,10,136.89585645123861,548.6279723705383,4.465695546660096,137.15699309263456
medqa,sequential,role,12,d,None,0,42,8,10,139.08301112290752,556.6387612912365,3.0853816138422263,139.15969032280913
medqa,sequential,role,13,a,a,1,42,2,10,153.25226851977737,613.9543148647662,8.29357850261827,153.48857871619154
medqa,sequential,role,14,a,c,0,42,2,10,133.71840604796017,536.4412413989367,8.516020971628025,134.11031034973416
medqa,sequential,role,15,c,c,1,42,6,10,130.0866497434099,522.5286587983269,7.95262608677352,130.63216469958172
medqa,sequential,role,16,b,d,0,42,7,10,115.8053810389201,464.87731198134463,9.051219697362411,116.21932799533616
medqa,sequential,role,17,a,d,0,42,4,10,131.65639074092377,527.7591207539557,8.424760083859518,131.93978018848892
medqa,sequential,role,18,c,d,0,42,1,10,135.01110549578158,540.5954597244063,3.748958152142983,135.14886493110157
medqa,sequential,role,19,a,a,1,42,5,10,123.17975239012614,493.6840652138567,7.401784238120951,123.42101630346417
medqa,sequential,role,20,b,c,0,42,1,10,158.1099817822829,632.8244335174732,2.8607525929127062,158.2061083793683
medqa,sequential,role,21,b,c,0,42,1,10,144.08055815912527,576.8473342708935,5.547994528924586,144.21183356772337
medqa,sequential,role,22,b,a,0,42,2,10,139.0846668052856,557.4225335086048,5.594212618034843,139.3556333771512
medqa,sequential,role,23,d,None,0,42,6,10,135.41396371503237,541.9913878622073,4.031688348104683,135.49784696555182
medqa,sequential,role,24,b,None,0,42,10,10,144.56802056023687,578.7319312675216,2.8498518579721566,144.6829828168804
medqa,sequential,role,25,d,None,0,42,6,10,169.0745501098539,677.1061440689128,4.873519912678714,169.2765360172282
medqa,sequential,role,26,a,a,1,42,4,10,159.3308578317812,638.3091198373779,4.488587169555194,159.57727995934448
medqa,sequential,role,27,b,b,1,42,9,10,99.82159204550102,400.2745556267369,6.84029932245267,100.06863890668423
medqa,sequential,role,28,c,None,0,42,7,10,129.90363223365028,520.3935986114185,4.381253644221968,130.09839965285462
medqa,sequential,role,29,a,c,0,42,1,10,164.69358146653087,659.2150212559305,3.229642210750343,164.80375531398263
medqa,sequential,role,30,d,d,1,42,7,10,105.03636050851877,421.9212043500822,6.065551698344647,105.48030108752054
medqa,sequential,role,31,b,None,0,42,4,10,128.6317085267748,515.7202330033991,5.6993723573656565,128.93005825084978
medqa,sequential,role,32,d,d,1,42,10,10,102.86885324867269,413.31335451568594,7.480335653351223,103.32833862892149
medqa,sequential,role,33,c,a,0,42,3,10,135.7291650741548,543.2960548933925,3.3961627001523396,135.82401372334812
medqa,sequential,role,34,a,None,0,42,1,10,96.05707031920393,386.1539947521001,9.516128498747216,96.53849868802503
medqa,sequential,role,35,b,b,1,42,7,10,104.7234756127464,420.30673682546427,6.761371693025042,105.07668420636607
medqa,sequential,role,36,d,None,0,42,9,10,136.63110058130582,547.9437511757138,7.525340627542438,136.98593779392846
medqa,sequential,role,37,b,d,0,42,3,10,180.16916986200832,721.2101697765606,4.0027264774028835,180.30254244414016
medqa,sequential,role,38,d,c,0,42,6,10,143.78466944663418,576.0874738561025,5.540374298699695,144.02186846402563
medqa,sequential,role,39,d,c,0,42,4,10,139.20859501000567,557.6017120152899,5.368082794950728,139.40042800382247
medqa,sequential,role,40,a,c,0,42,5,10,154.5621594331709,619.057527563323,4.0527928150629595,154.76438189083075
medqa,sequential,role,41,d,None,0,42,7,10,148.6263623840041,594.8857723361682,3.3377983492730814,148.72144308404205
medqa,sequential,role,42,c,d,0,42,6,10,107.70191923831061,432.6258805827008,8.085486562214964,108.1564701456752
medqa,sequential,role,43,c,c,1,42,6,10,143.92271775278232,576.6403584933065,4.871630572756912,144.16008962332663
medqa,sequential,role,44,a,b,0,42,6,10,111.79367106911728,448.4395212129595,7.605536891720123,112.10988030323988
medqa,sequential,role,45,d,a,0,42,3,10,128.67591705274006,515.4502802818987,3.8696205816392273,128.86257007047467
medqa,sequential,role,46,d,c,0,42,3,10,157.55325507107293,630.5280567816995,4.155973974264922,157.6320141954249
medqa,sequential,role,47,a,a,1,42,2,10,124.29103945457153,498.44022045827563,6.077647206636583,124.61005511456891
medqa,sequential,role,48,c,None,0,42,6,10,136.1700043008282,545.3054947257034,4.90493408737913,136.32637368142585
medqa,sequential,role,49,a,a,1,42,2,10,150.1848145503862,601.2488200194812,3.345190570986869,150.3122050048703
medqa,sequential,role,50,c,d,0,42,2,10,114.45652353035388,459.3293850045575,7.625440800253991,114.83234625113937
medqa,sequential,role,51,c,c,1,42,9,10,108.55401325834401,436.75475106936074,8.608343309842981,109.18868776734018
medqa,sequential,role,52,d,None,0,42,9,10,145.04103235351647,580.7295120959592,3.340917032524677,145.1823780239898
medqa,sequential,role,53,b,b,1,42,3,10,157.01901559357748,628.9284459963369,5.210750124812094,157.23211149908423
medqa,sequential,role,54,b,d,0,42,8,10,144.13034296739534,577.2035380035773,4.179297289049038,144.3008845008943
medqa,sequential,role,55,d,b,0,42,5,10,141.979784496909,568.5630356027041,4.701577051551025,142.14075890067602
medqa,sequential,role,56,d,None,0,42,10,10,143.34079300461767,573.6102416819659,3.6220930700435288,143.40256042049148
medqa,sequential,role,57,c,c,1,42,4,10,137.55199430897613,551.0851699793126,4.308958935875244,137.77129249482815
medqa,sequential,role,58,a,c,0,42,7,10,131.8553096135838,528.159915213811,4.502174549665725,132.03997880345275
medqa,sequential,role,59,d,c,0,42,2,10,121.39947223636565,486.7529810731539,5.442383013293235,121.68824526828847
medqa,sequential,role,60,d,None,0,42,6,10,153.24658268605566,613.7160311460615,6.089067350292578,153.42900778651537
medqa,sequential,role,61,d,None,0,42,5,10,127.53649461971551,511.39735732667566,8.415856227954626,127.84933933166892
medqa,sequential,role,62,c,c,1,42,5,10,133.27831064945525,534.2958524215079,6.612930372559189,133.57396310537698
medqa,sequential,role,63,d,d,1,42,9,10,110.46931407324571,443.97220475810434,7.55197395941039,110.99305118952608
medqa,sequential,role,64,b,d,0,42,9,10,144.99392220950205,580.7501063932787,5.407845287660597,145.18752659831966
medqa,sequential,role,65,b,None,0,42,10,10,163.97019511584375,656.6535867310846,4.214314623599442,164.16339668277115
medqa,sequential,role,66,b,None,0,42,4,10,145.12006887362452,581.4273181747346,4.871285836144598,145.35682954368366
medqa,sequential,role,67,c,c,1,42,8,10,131.94724706817465,529.2293846824989,7.615425982583302,132.30734617062473
medqa,sequential,role,68,b,d,0,42,5,10,138.93991088643602,556.2927913039548,5.11182428661511,139.0731978259887
medqa,sequential,role,69,b,None,0,42,10,10,152.6605203752153,611.3148202897119,5.058562579455232,152.82870507242797
medqa,sequential,role,70,c,a,0,42,1,10,127.09753624681504,509.41583743198663,5.88802543964763,127.35395935799666
medqa,sequential,role,71,a,d,0,42,6,10,122.02589740707991,488.94755721530026,3.152598228461175,122.23688930382507
medqa,sequential,role,72,c,d,0,42,4,10,132.21676330744086,529.64156096378,4.49449842825242,132.410390240945
medqa,sequential,role,73,a,a,1,42,9,10,129.42618828929818,518.3565859811187,2.920873175167421,129.58914649527966
medqa,sequential,role,74,a,None,0,42,10,10,173.2515005051022,693.7964628751254,4.080756920811376,173.44911571878134
medqa,sequential,role,75,b,c,0,42,4,10,125.79784418123693,503.60047955216277,3.748559922652324,125.90011988804069
medqa,sequential,role,76,a,None,0,42,9,10,135.4007838042054,542.487376989145,4.0680950382654,135.62184424728625
medqa,sequential,role,77,a,c,0,42,2,10,142.70899622899034,571.8169951753763,4.746026911511448,142.95424879384407
medqa,sequential,role,78,c,c,1,42,8,10,103.86373305677805,416.27877959534885,4.297056593114005,104.06969489883721
medqa,sequential,role,79,a,a,1,42,6,10,147.30426107075576,589.703194715348,4.163265370600739,147.425798678837
medqa,sequential,role,80,a,d,0,42,4,10,156.2462547783255,625.9312477857575,5.875756284962312,156.48281194643937
medqa,sequential,role,81,c,c,1,42,4,10,146.10216038516884,585.0045100840543,5.555595621686478,146.2511275210136
medqa,sequential,role,82,c,d,0,42,1,10,112.8073958785664,452.5482235605405,5.58524478620917,113.13705589013513
medqa,sequential,role,83,c,b,0,42,4,10,140.73590321446028,563.7468369935458,4.457148955659109,140.93670924838645
medqa,sequential,role,84,c,b,0,42,1,10,139.48173886853078,558.4506853979748,3.6188712636072693,139.6126713494937
medqa,sequential,role,85,c,None,0,42,3,10,165.1805527613577,661.2564956461553,3.937742397871849,165.31412391153881
medqa,sequential,role,86,b,None,0,42,5,10,154.60953926829228,619.2124573840525,5.815444006899946,154.80311434601313
medqa,sequential,role,87,d,d,1,42,6,10,119.25752409952334,478.20514336006516,4.970452317075876,119.55128584001629
medqa,sequential,role,88,a,None,0,42,8,10,126.59745852709852,507.39920256387586,6.06753371872089,126.84980064096897
medqa,sequential,role,89,a,None,0,42,8,10,174.59540838509713,698.9284883668942,5.673662596501469,174.73212209172354
medqa,sequential,role,90,a,a,1,42,4,10,130.66535956818095,523.4381481593723,3.592598559406577,130.85953703984308
medqa,sequential,role,91,b,d,0,42,2,10,133.52172158288928,535.4847771403104,6.008152338336492,133.8711942850776
medqa,sequential,role,92,a,d,0,42,8,10,156.32658920989286,626.161882160639,4.836345296533414,156.54047054015976
medqa,sequential,role,93,d,d,1,42,1,10,140.44579826102415,562.6187706654182,4.57728989836079,140.65469266635455
medqa,sequential,role,94,a,c,0,42,2,10,154.62489535634177,619.1077454864275,3.3708490024738937,154.77693637160687
medqa,sequential,role,95,c,b,0,42,6,10,122.37519713566844,490.50827764657544,6.886035934394724,122.62706941164386
medqa,sequential,role,96,c,None,0,42,9,10,152.62015319537556,611.2630761704279,5.27691605841003,152.81576904260697
medqa,sequential,role,97,a,a,1,42,4,10,131.95758767530532,528.6688387302264,7.762468447128211,132.1672096825566
medqa,sequential,role,98,d,d,1,42,5,10,109.2084478486152,437.8643950100844,8.23521734405151,109.4660987525211
medqa,sequential,role,99,b,None,0,42,7,10,102.46219274299365,410.6374682692473,4.4379897777433985,102.65936706731182
medqa,sequential,role,100,a,d,0,42,6,10,143.81946178306794,576.5156002697731,5.638774622356498,144.12890006744328
medqa,sequential,role,101,c,None,0,42,8,10,138.10047403767928,552.8093936909809,3.4691508436786966,138.20234842274522
medqa,sequential,role,102,b,None,0,42,4,10,164.41578362642903,657.9084866007358,3.5853443279256094,164.47712165018396
medqa,sequential,role,103,c,d,0,42,4,10,146.04147972611952,584.888613571413,4.571030398051861,146.22215339285324
medqa,sequential,role,104,c,c,1,42,7,10,149.5240609155294,598.5241131484532,4.399195739542661,149.6310282871133
medqa,sequential,role,105,b,None,0,42,5,10,115.01067334938485,462.22670225295525,8.221617846894636,115.55667556323881
medqa,sequential,role,106,c,d,0,42,9,10,162.0067454189674,648.8322449197065,5.054076114345055,162.2080612299266
medqa,sequential,role,107,c,None,0,42,6,10,148.16728624575825,593.2407246751895,4.9742391447753596,148.31018116879738
medqa,sequential,role,108,d,d,1,42,8,10,120.597852511305,483.46583445025306,7.430035766149321,120.86645861256326
medqa,sequential,role,109,b,b,1,42,2,10,155.7354505623643,623.4267367887995,3.0006027711791976,155.85668419719988
medqa,sequential,role,110,b,None,0,42,8,10,181.71192468907898,727.5861320610503,3.576440007544999,181.89653301526258
medqa,sequential,role,111,a,d,0,42,4,10,150.94904462414735,604.5843044076588,4.67075300080259,151.1460761019147
medqa,sequential,role,112,d,a,0,42,2,10,125.07204192763507,502.09585508212774,7.33246324127082,125.52396377053194
medqa,sequential,role,113,b,a,0,42,4,10,172.25651095147268,689.6251806460149,4.567035022180834,172.40629516150372
medqa,sequential,role,114,a,a,1,42,3,10,150.1583003178381,600.9767122169403,6.420452450596687,150.24417805423508
medqa,sequential,role,115,c,c,1,42,8,10,127.12868164340043,510.4955941938152,8.294261905534803,127.6238985484538
medqa,sequential,role,116,c,c,1,42,6,10,111.85763501165992,449.0729317506378,7.871690686829105,112.26823293765945
medqa,sequential,role,117,b,None,0,42,5,10,136.73486570962046,548.0908389346691,7.849178956529849,137.02270973366728
medqa,sequential,role,118,b,None,0,42,2,10,159.41558898053503,638.2214525736165,3.8253150218142435,159.55536314340412
medqa,sequential,role,119,b,d,0,42,1,10,132.75499092939054,532.8677103669879,10.55117383196208,133.21692759174698
medqa,sequential,role,120,c,b,0,42,5,10,111.38181255186032,446.89500730370145,7.489791092741956,111.72375182592536
medqa,sequential,role,121,d,None,0,42,9,10,145.70824865375465,583.3868639410517,3.7193523384743736,145.84671598526293
medqa,sequential,role,122,a,None,0,42,5,10,142.5733837720019,570.8735820194057,3.968661174048099,142.71839550485143
medqa,sequential,role,123,c,None,0,42,5,10,138.61940797837255,555.1200230247736,6.797333986511975,138.7800057561934
medqa,sequential,role,124,a,b,0,42,2,10,153.25020421053551,613.8830613992521,5.419271274640785,153.47076534981304
medqa,sequential,role,125,c,None,0,42,9,10,150.14058950853828,601.0096297416734,3.6558106424402013,150.25240743541835
medqa,sequential,role,126,a,d,0,42,3,10,143.37886498182013,574.334353120855,3.848780399307104,143.58358828021375
medqa,sequential,role,127,c,c,1,42,7,10,152.2485885930771,609.3973698909992,3.7957793623022993,152.3493424727498
medqa,sequential,role,128,a,c,0,42,1,10,134.82679813269843,540.1912766501457,6.694119062526244,135.04781916253643
medqa,sequential,role,129,b,d,0,42,6,10,90.40164857151517,363.5993438887403,7.537398705389464,90.89983597218507
medqa,sequential,role,130,c,None,0,42,3,10,132.63852871896398,531.0757928168264,3.410608545609669,132.7689482042066
medqa,sequential,role,131,a,b,0,42,1,10,145.51679202185608,582.495595696138,3.096431586753166,145.6238989240345
medqa,sequential,role,132,d,None,0,42,6,10,120.7805926596052,483.84937409494097,6.306814620755147,120.96234352373524
medqa,sequential,role,133,a,c,0,42,2,10,114.63496967368147,460.20981012675236,7.399507785289227,115.05245253168809
medqa,sequential,role,134,b,b,1,42,8,10,121.04632420083426,485.5137239077453,7.164326532886571,121.37843097693633
medqa,sequential,role,135,c,a,0,42,1,10,141.96944924701148,569.4162219965087,10.009948173542357,142.35405549912718
medqa,sequential,role,136,c,d,0,42,8,10,118.07378210820363,473.4668605389106,7.249549676694843,118.36671513472766
medqa,sequential,role,137,b,a,0,42,9,10,137.2268758504454,550.288902537651,7.026149424163474,137.57222563441275
medqa,sequential,role,138,b,None,0,42,10,10,133.020051702991,532.6785009462402,4.812689346563769,133.16962523656005
medqa,sequential,role,139,a,a,1,42,4,10,122.73615246547105,492.0574677000549,7.946286051256453,123.01436692501372
medqa,sequential,role,140,c,None,0,42,8,10,161.15100953009426,645.2947814875679,5.1338904072088,161.32369537189197
medqa,sequential,role,141,d,a,0,42,1,10,153.76669922593373,615.6683490243817,4.598966204870345,153.9170872560954
medqa,sequential,role,142,b,d,0,42,6,10,147.10624621983234,589.4529219746212,6.501871913561015,147.3632304936553
medqa,sequential,role,143,b,b,1,42,9,10,80.35088284092991,324.4749377440515,7.162256283070777,81.11873443601287
medqa,sequential,role,144,a,d,0,42,2,10,151.09276085675265,604.7499320077903,2.750373699634327,151.18748300194758
medqa,sequential,role,145,c,b,0,42,2,10,125.473730468578,502.7856422500569,5.295077811287875,125.69641056251423
medqa,sequential,role,146,c,c,1,42,8,10,130.2380213703792,521.6474818712878,4.857586470052043,130.41187046782196
medqa,sequential,role,147,b,c,0,42,5,10,128.14549413462768,513.1767276857701,5.453899549662674,128.29418192144252
medqa,sequential,role,148,d,a,0,42,2,10,106.67562982727542,428.03043403456843,5.0408005762407075,107.00760850864211
medqa,sequential,role,149,a,None,0,42,2,10,144.79621791745348,580.4443343343185,8.659440502427085,145.1110835835796
medqa,sequential,role,150,c,c,1,42,5,10,141.75181958228728,568.417451038594,7.908960405139318,142.1043627596485
medqa,sequential,role,151,a,d,0,42,5,10,123.24639047505018,493.4399290815885,5.31996924144186,123.35998227039713
medqa,sequential,role,152,c,None,0,42,3,10,153.24723634714155,613.6183817082458,4.373669323033258,153.40459542706145
medqa,sequential,role,153,b,None,0,42,7,10,109.5309879262434,438.68858591284607,3.46093277936853,109.67214647821152
medqa,sequential,role,154,b,None,0,42,9,10,150.29787721135855,601.9527901470577,4.112340056125069,150.48819753676443
medqa,sequential,role,155,a,d,0,42,4,10,143.72409358021864,575.5371332477022,5.9066262327562,143.88428331192554
medqa,sequential,role,156,b,b,1,42,4,10,127.33161541185638,509.8811109619459,3.8555295530233478,127.47027774048648
medqa,sequential,role,157,b,None,0,42,3,10,170.41092121542837,682.102642544838,4.055296560454688,170.5256606362095
medqa,sequential,role,158,c,a,0,42,1,10,126.09790800032943,506.6149013079498,6.9547283829442375,126.65372532698746
medqa,sequential,role,159,d,d,1,42,4,10,149.63922604188218,599.609282426419,7.262487004925395,149.90232060660475
medqa,sequential,role,160,d,None,0,42,7,10,153.0137644384203,612.5250465920484,3.788173375989202,153.1312616480121
medqa,sequential,role,161,d,d,1,42,6,10,136.42533944347352,546.9346855364056,8.740980598931875,136.7336713841014
medqa,sequential,role,162,d,d,1,42,8,10,151.64687513052837,607.5443654967878,7.811531858287478,151.88609137419695
medqa,sequential,role,163,c,c,1,42,8,10,101.63243323812894,407.7644533393489,7.695543928379791,101.94111333483723
medqa,sequential,role,164,c,b,0,42,2,10,137.21883106078775,549.9394613555819,6.503357344726785,137.48486533889547
medqa,sequential,role,165,c,None,0,42,6,10,124.95743178366888,500.4278174822534,4.975195544054295,125.10695437056334
medqa,sequential,role,166,a,a,1,42,9,10,90.42906991693015,363.6063874423537,6.910182645563873,90.90159686058843
medqa,sequential,role,167,b,b,1,42,3,10,160.04887771506006,641.3320537601023,7.605958821041781,160.33301344002558
medqa,sequential,role,168,c,d,0,42,4,10,153.4184840123724,614.9451049106898,7.649923028282635,153.73627622767245
medqa,sequential,role,169,b,d,0,42,1,10,170.85183625116176,683.7641920258513,3.29866052065998,170.94104800646284
medqa,sequential,role,170,d,None,0,42,10,10,154.32523582372426,617.9881642276597,4.826632842876454,154.49704105691492
medqa,sequential,role,171,c,d,0,42,2,10,144.28450748839532,578.7263736788243,9.005851661887608,144.68159341970608
medqa,sequential,role,172,a,b,0,42,2,10,161.36491540873766,646.0366632341321,5.102793570649046,161.50916580853303
medqa,sequential,role,173,c,c,1,42,5,10,132.53591941853517,531.2162739847705,6.551057108298534,132.80406849619263
medqa,sequential,role,174,c,c,1,42,7,10,106.31459328092846,426.94327166959346,8.073360691603506,106.73581791739836
medqa,sequential,role,175,a,None,0,42,2,10,135.8057922723179,543.7283004186238,3.1439422648897244,135.93207510465595
medqa,sequential,role,176,a,a,1,42,3,10,132.56959495235142,531.3032031762768,4.340404222233407,132.8258007940692
medqa,sequential,role,177,b,c,0,42,3,10,128.71927654825117,515.5061438393182,3.7800690970910673,128.87653595982954
medqa,sequential,role,178,c,a,0,42,2,10,104.82325460360732,419.9183870203644,5.344985266151685,104.9795967550911
medqa,sequential,role,179,c,b,0,42,1,10,121.98907511255022,488.4883665200411,3.9575688183655813,122.12209163001027
medqa,sequential,role,180,d,d,1,42,7,10,143.42547011084653,575.0111328253013,5.8816113462190085,143.75278320632532
medqa,sequential,role,181,a,d,0,42,4,10,149.8369102621018,600.1147935562502,5.9569966148036295,150.02869838906255
medqa,sequential,role,182,d,d,1,42,6,10,143.97939552133042,577.2171840072488,7.963753274039817,144.3042960018122
medqa,sequential,role,183,c,c,1,42,3,10,129.1322157843699,517.5691791998846,5.831308006367775,129.39229479997115
medqa,sequential,role,184,c,None,0,42,10,10,149.99600850142826,600.4263683637411,3.381239818665338,150.10659209093527
medqa,sequential,role,185,a,a,1,42,5,10,139.4010893399923,558.0414570158705,3.8263096831232226,139.51036425396762
medqa,sequential,role,186,c,None,0,42,10,10,143.09981153192743,572.582306873617,2.4863555469192136,143.14557671840424
medqa,sequential,role,187,b,b,1,42,3,10,116.27757545033963,466.37163682437944,7.1402835162757725,116.59290920609486
medqa,sequential,role,188,a,a,1,42,5,10,125.78958941317731,504.14408524230623,5.931306523769935,126.03602131057656
medqa,sequential,role,189,d,None,0,42,6,10,138.5124360258716,554.5608387446807,3.4053093003342876,138.64020968617018
medqa,sequential,role,190,a,d,0,42,4,10,104.13682707106912,418.41509381336334,7.577586331943326,104.60377345334084
medqa,sequential,role,191,b,b,1,42,4,10,154.0376302811592,616.8421766819223,5.1859425118325095,154.21054417048057
medqa,sequential,role,192,c,d,0,42,1,10,158.64615615009603,634.9368415884517,3.4378292207269756,158.73421039711292
medqa,sequential,role,193,a,d,0,42,7,10,123.8496299272387,496.2053068795675,4.817660761622549,124.05132671989188
medqa,sequential,role,194,c,d,0,42,4,10,135.7939676076803,544.2056719884699,6.062277529524839,136.05141799711748
medqa,sequential,role,195,c,d,0,42,4,10,127.69585301102815,512.3292044409594,8.424438062949053,128.08230111023985
medqa,sequential,role,196,a,None,0,42,8,10,134.50698144318483,538.3932412889077,3.5572496514093817,134.59831032222692
medqa,sequential,role,197,a,b,0,42,4,10,137.81351784614287,551.6133306621224,3.852613739751839,137.9033326655306
medqa,sequential,role,198,a,a,1,42,8,10,121.82406566541367,488.8675729229739,8.069829728369873,122.21689323074348
medqa,sequential,role,199,a,a,1,42,5,10,103.70711642467536,415.52658834672536,7.504542811021759,103.88164708668134
medqa,sequential,role,200,b,None,0,42,4,10,154.20898248986742,617.36767321831,4.458675120410044,154.3419183045775
medqa,sequential,role,201,a,a,1,42,6,10,163.78529441243538,655.6188288141927,4.339123778328298,163.90470720354818
medqa,sequential,role,202,a,b,0,42,3,10,103.6717069103974,415.2053088967363,3.4445753945348545,103.80132722418408
medqa,sequential,role,203,b,None,0,42,5,10,118.4741737184473,474.7586968475424,4.090468432073313,118.6896742118856
medqa,sequential,role,204,b,d,0,42,4,10,119.80700338942246,480.1945973681325,7.672413790998043,120.04864934203313
medqa,sequential,role,205,c,d,0,42,5,10,147.01270339843688,589.1695236830602,4.955417583229237,147.29238092076505
medqa,sequential,role,206,c,None,0,42,9,10,156.82276523167326,627.8211250871944,4.355859396286117,156.9552812717986
medqa,sequential,role,207,d,None,0,42,3,10,138.92821140126543,556.4770765137184,4.996646302571125,139.1192691284296
medqa,sequential,role,208,c,d,0,42,8,10,137.9927500364874,552.9819374863758,4.400783712133228,138.24548437159396
medqa,sequential,role,209,c,c,1,42,9,10,105.35146435859863,422.4804501728699,5.4778758342019795,105.62011254321747
medqa,sequential,role,210,c,d,0,42,6,10,139.85357823864243,560.7270018922279,7.211846701402373,140.18175047305698
medqa,sequential,role,211,a,a,1,42,4,10,142.03016610409935,568.8328943554978,3.688472664790167,142.20822358887446
medqa,sequential,role,212,d,d,1,42,7,10,113.6760134922101,455.564720681875,4.248019258129545,113.89118017046874
medqa,sequential,role,213,c,None,0,42,5,10,141.1110848552018,565.8796254427576,6.104094172131356,141.4699063606894
medqa,sequential,role,214,b,c,0,42,4,10,155.1563483886557,621.2661430596731,4.799394336430693,155.31653576491829
medqa,sequential,role,215,a,None,0,42,5,10,159.3420016494386,637.9005031729259,5.343726800276776,159.47512579323148
medqa,sequential,role,216,d,c,0,42,5,10,174.28610138518633,697.5592886175607,4.066003093585603,174.38982215439017
medqa,sequential,role,217,a,b,0,42,5,10,151.41546164145763,606.4980411814713,4.620778702416366,151.62451029536783
medqa,sequential,role,218,b,None,0,42,3,10,128.9486396523712,516.4766959084056,6.62658105330744,129.1191739771014
medqa,sequential,role,219,d,d,1,42,6,10,165.24682816961618,662.2916172994765,8.286458822884773,165.5729043248691
medqa,sequential,role,220,a,c,0,42,6,10,133.90445487766925,536.5952635086826,5.201422784230871,134.14881587717065
medqa,sequential,role,221,b,None,0,42,3,10,168.83597002135673,675.9765116301896,4.360774346296334,168.9941279075474
medqa,sequential,role,222,c,c,1,42,8,10,126.16448292685301,505.84621228823687,7.341947716262215,126.46155307205922
medqa,sequential,role,223,c,c,1,42,7,10,120.99022468106827,485.3150332972712,6.990357342450496,121.3287583243178
medqa,sequential,role,224,d,d,1,42,7,10,129.24177874112735,518.2943660446333,7.870115208206291,129.57359151115833
medqa,sequential,role,225,c,None,0,42,3,10,133.7953823727644,536.4076064471776,8.697735927397655,134.1019016117944
medqa,sequential,role,226,a,None,0,42,8,10,147.60521984033176,590.8295251649251,3.220083824749971,147.7073812912313
medqa,sequential,role,227,a,d,0,42,1,10,137.03229594474396,548.8039887145926,4.059833521400328,137.20099717864815
medqa,sequential,role,228,a,b,0,42,1,10,123.93199018446352,497.06611958896315,9.829332599071389,124.26652989724079
medqa,sequential,role,229,a,d,0,42,5,10,155.66698318685604,623.1946204308713,6.557196120160877,155.79865510771782
medqa,sequential,role,230,a,c,0,42,1,10,144.12503131511565,577.6607623658688,5.048360543979138,144.4151905914672
medqa,sequential,role,231,c,None,0,42,4,10,124.87023296119392,500.19387988351866,4.259004133157349,125.04846997087967
medqa,sequential,role,232,b,None,0,42,9,10,146.39822407417037,586.15696901157,4.178707828688569,146.5392422528925
medqa,sequential,role,233,b,b,1,42,9,10,116.58100150798197,468.1448636981698,6.877781522563809,117.03621592454245
medqa,sequential,role,234,d,c,0,42,5,10,127.72590017921611,511.81541507334157,6.690051810833917,127.95385376833539
medqa,sequential,role,235,d,c,0,42,4,10,134.37946999800886,538.629735515733,8.149171990067742,134.65743387893326
medqa,sequential,role,236,a,None,0,42,5,10,123.0297201515501,492.8917855180033,7.000253539280429,123.22294637950083
medqa,sequential,role,237,a,None,0,42,6,10,149.17135974766634,597.0956729516574,3.480900897986087,149.27391823791436
medqa,sequential,role,238,c,c,1,42,6,10,144.0916027012702,576.7618888666851,5.758405190992453,144.19047221667128
medqa,sequential,role,239,c,c,1,42,5,10,138.09192537157983,553.5898752972503,7.029056909782665,138.39746882431257
medqa,sequential,role,240,a,a,1,42,5,10,141.1788417097577,565.4636651746897,4.943154849504014,141.36591629367243
medqa,sequential,role,241,c,None,0,42,3,10,144.76338035358623,579.8961281491404,7.675982210562132,144.9740320372851
medqa,sequential,role,242,b,c,0,42,8,10,140.09286340076727,561.4462816955022,6.0544660058941195,140.36157042387555
medqa,sequential,role,243,c,None,0,42,7,10,145.83779162812718,584.0015111168105,4.550213280387456,146.00037777920264
medqa,sequential,role,244,c,c,1,42,7,10,140.239725680053,561.5281752807571,3.382381059385623,140.38204382018927
medqa,sequential,role,245,a,None,0,42,6,10,138.11522010290057,553.1025991336255,4.647009742787799,138.27564978340638
medqa,sequential,role,246,d,a,0,42,2,10,128.8566469873566,516.200761608314,4.1331530123450095,129.0501904020785
medqa,sequential,role,247,c,c,1,42,2,10,143.03222656852907,572.9793705791407,4.517244336840056,143.24484264478517
medqa,sequential,role,248,c,a,0,42,8,10,137.71946700522284,551.6689821240341,5.162652924882514,137.91724553100852
medqa,sequential,role,249,a,None,0,42,6,10,154.0545372532968,616.8253113393293,4.3146649973428035,154.20632783483234
medqa,sequential,role,250,d,d,1,42,4,10,149.4039465433925,598.0616815817895,3.971585172640634,149.51542039544736
medqa,sequential,role,251,b,None,0,42,5,10,144.08494298793443,576.8170120664117,2.9679006082232333,144.20425301660293
medqa,sequential,role,252,d,a,0,42,2,10,129.8552127419569,520.3178484847188,4.436896734326075,130.0794621211797
medqa,sequential,role,253,c,c,1,42,8,10,139.73814837002695,559.4438427023019,4.213801751930085,139.86096067557548
medqa,sequential,role,254,d,b,0,42,3,10,159.0976172829721,637.5356673415039,7.077863941438341,159.38391683537597
medqa,sequential,role,255,c,None,0,42,10,10,135.02239294990076,540.4953235889424,2.6371382649844413,135.1238308972356
medqa,sequential,role,256,c,d,0,42,3,10,119.90555253060234,480.47595398529944,7.298856350201954,120.11898849632486
medqa,sequential,role,257,c,c,1,42,3,10,127.46719518592981,510.2457283688925,4.180126978658438,127.56143209222313
medqa,sequential,role,258,c,None,0,42,9,10,142.03774202199315,568.6357859739238,3.3786324292243024,142.15894649348095
medqa,sequential,role,259,b,None,0,42,3,10,146.75484837931205,587.6536225115245,6.719425473243764,146.91340562788113
medqa,sequential,role,260,c,a,0,42,2,10,171.86283877114008,687.6503313301564,3.031041348362579,171.9125828325391
medqa,sequential,role,261,b,None,0,42,10,10,121.61240057477296,487.0117036886824,2.620761129634431,121.7529259221706
medqa,sequential,role,262,a,None,0,42,9,10,160.45285545754555,642.5111161790371,3.8110516767245795,160.62777904475928
medqa,sequential,role,263,d,b,0,42,4,10,129.8532010616339,520.1939482374787,5.346828762547188,130.04848705936968
medqa,sequential,role,264,b,None,0,42,9,10,146.98485635072146,588.1767737825096,4.892445024657602,147.0441934456274
medqa,sequential,role,265,d,c,0,42,3,10,146.5812610554345,586.9292200739569,3.589554070039512,146.73230501848923
medqa,sequential,role,266,a,d,0,42,4,10,146.6011347714698,587.0275582214824,4.255204130110475,146.7568895553706
medqa,sequential,role,267,a,d,0,42,5,10,106.15758195956589,426.63144056645723,7.476043361079026,106.65786014161431
medqa,sequential,role,268,c,c,1,42,5,10,131.60903798646137,527.8372825223931,5.733018734336651,131.95932063059828
medqa,sequential,role,269,d,d,1,42,3,10,171.56123030182872,686.8405311050759,3.777049146529054,171.71013277626898
medqa,sequential,role,270,a,a,1,42,1,10,139.83202875976517,560.6280760192378,4.506832407949205,140.15701900480946
medqa,sequential,role,271,c,a,0,42,6,10,156.88272659877973,627.9878555597077,3.4762715722739395,156.99696388992692
medqa,sequential,role,272,b,b,1,42,8,10,113.82332080880003,456.20452927860197,7.919852425320663,114.05113231965049
medqa,sequential,role,273,a,None,0,42,6,10,118.78261570703894,475.84196143328063,4.1934362550216555,118.96049035832016
medqa,sequential,role,274,b,None,0,42,4,10,140.1521829213571,561.0864596162937,5.793371182497237,140.27161490407343
medqa,sequential,role,275,b,a,0,42,1,10,161.12172702972305,644.9271858520846,3.463317629501396,161.23179646302114
medqa,sequential,role,276,c,c,1,42,8,10,114.31218833029493,459.77567299524367,7.5197314506788855,114.94391824881092
medqa,sequential,role,277,b,None,0,42,8,10,143.0492650191596,573.3030677097245,5.160119376206801,143.32576692743112
medqa,sequential,role,278,d,None,0,42,10,10,132.23120183891663,529.4153093261974,3.298384462614665,132.35382733154935
medqa,sequential,role,279,a,b,0,42,4,10,159.47939294224452,638.6231906532691,4.627691910769533,159.6557976633173
medqa,sequential,role,280,a,c,0,42,2,10,143.77444995315156,576.2388125744682,4.541530318004347,144.05970314361704
medqa,sequential,role,281,a,a,1,42,7,10,108.71795179424338,435.92286148079563,6.231969826040806,108.98071537019891
medqa,sequential,role,282,b,c,0,42,7,10,140.95002848750397,564.1044119280874,4.487786902827387,141.02610298202185
medqa,sequential,role,283,c,d,0,42,1,10,109.6426015791683,439.65016134505714,5.657522607596263,109.91254033626429
medqa,sequential,role,284,b,a,0,42,6,10,131.33465281195,526.31528117133,4.966356977106369,131.5788202928325
medqa,sequential,role,285,d,d,1,42,6,10,134.52599275013162,538.8959178253567,4.006222915309695,134.72397945633918
medqa,sequential,role,286,a,None,0,42,7,10,142.80039233286357,571.6473218897826,3.046204340785149,142.91183047244564
medqa,sequential,role,287,a,c,0,42,4,10,143.00673698663925,572.7120336385154,5.299818541368104,143.17800840962886
medqa,sequential,role,288,c,d,0,42,3,10,113.90324040606818,457.3148453362738,8.35283809757159,114.32871133406844
medqa,sequential,role,289,b,b,1,42,8,10,110.3137129958355,442.5658796148118,4.837405011416445,110.64146990370295
medqa,sequential,role,290,c,c,1,42,8,10,126.64311852155569,507.76558565401416,7.337715250970915,126.94139641350354
medqa,sequential,role,291,a,a,1,42,6,10,125.72201982022692,504.09338373981683,7.316990563031165,126.02334593495421
medqa,sequential,role,292,a,b,0,42,3,10,129.57261343642892,519.1512086482007,5.274226713006341,129.78780216205018
medqa,sequential,role,293,c,None,0,42,5,10,128.55973631581975,515.6684946923513,7.895548973230038,128.91712367308781
medqa,sequential,role,294,a,d,0,42,7,10,134.66376742548465,539.319258323789,5.286205285207769,134.82981458094724
medqa,sequential,role,295,c,b,0,42,2,10,142.5070764584956,570.715352029006,4.872893143328318,142.6788380072515
medqa,sequential,role,296,b,b,1,42,4,10,126.34344767553549,506.74120151316754,9.840776627228573,126.68530037829188
medqa,sequential,role,297,a,None,0,42,1,10,136.90754690813193,548.1869231593396,5.54157915757961,137.0467307898349
medqa,sequential,role,298,c,d,0,42,4,10,123.54705721173957,495.48672362810987,9.112114121083483,123.87168090702747
medqa,sequential,role,299,d,None,0,42,9,10,153.98489936062194,616.8183957469262,6.502331356081597,154.20459893673154
