task,prompt,model,mode,accuracy,metric_name,auroc,auroc_gap_to_best,ece,ece_gap_to_best,brier,brier_gap_to_best,n_with_uncertainty,metrics_path
aime2024,hierarchical,Qwen/Qwen3-8B,anchor,0.5666666666666667,Formula-Uncertainty-Final,0.2857142857142857,0.2142857142857143,0.2668138586956522,0.08203125000000006,0.28428890394127887,0.03244867581511629,23,/u/yliu105/MAS_UQ/preds/uq/uq_metrics_mas_Qwen_Qwen3-8B_aime2024_hierarchical_anchor_test_seed42_n30.json
aime2024,hierarchical,Qwen/Qwen3-8B,anchor,0.5666666666666667,Formula-Uncertainty-Max,0.2544642857142857,0.2455357142857143,0.2820991847826087,0.09731657608695654,0.29271440920622455,0.040874181080061966,23,/u/yliu105/MAS_UQ/preds/uq/uq_metrics_mas_Qwen_Qwen3-8B_aime2024_hierarchical_anchor_test_seed42_n30.json
aime2024,hierarchical,Qwen/Qwen3-8B,anchor,0.5666666666666667,Formula-Uncertainty-Mean,0.25,0.25,0.27894658627717395,0.09416397758152178,0.29525133751440735,0.04341110938824477,23,/u/yliu105/MAS_UQ/preds/uq/uq_metrics_mas_Qwen_Qwen3-8B_aime2024_hierarchical_anchor_test_seed42_n30.json
aime2024,hierarchical,Qwen/Qwen3-8B,anchor,0.5666666666666667,Hazard-h-Final,0.35,0.15000000000000002,0.22079613095238093,0.03601352225672877,0.2518402281261626,0.0,21,/u/yliu105/MAS_UQ/preds/uq/uq_metrics_mas_Qwen_Qwen3-8B_aime2024_hierarchical_anchor_test_seed42_n30.json
aime2024,hierarchical,Qwen/Qwen3-8B,anchor,0.5666666666666667,Hazard-h-Max,0.26785714285714285,0.23214285714285715,0.2984035326086957,0.11362092391304351,0.2889779961627463,0.037137768036583696,23,/u/yliu105/MAS_UQ/preds/uq/uq_metrics_mas_Qwen_Qwen3-8B_aime2024_hierarchical_anchor_test_seed42_n30.json
aime2024,hierarchical,Qwen/Qwen3-8B,anchor,0.5666666666666667,Hazard-h-Mean,0.22767857142857142,0.2723214285714286,0.26327558876811596,0.0784929800724638,0.289738486930368,0.03789825880420544,23,/u/yliu105/MAS_UQ/preds/uq/uq_metrics_mas_Qwen_Qwen3-8B_aime2024_hierarchical_anchor_test_seed42_n30.json
aime2024,hierarchical,Qwen/Qwen3-8B,anchor,0.5666666666666667,System-Uncertainty-Final,0.22321428571428573,0.2767857142857143,0.263648601297899,0.07886599260224686,0.28938645364768373,0.03754622552152115,23,/u/yliu105/MAS_UQ/preds/uq/uq_metrics_mas_Qwen_Qwen3-8B_aime2024_hierarchical_anchor_test_seed42_n30.json
aime2024,hierarchical,Qwen/Qwen3-8B,anchor,0.5666666666666667,Uncertainty-Final,0.5,0.0,0.2391304347826087,0.05434782608695654,0.266304347826087,0.014464119699924394,23,/u/yliu105/MAS_UQ/preds/uq/uq_metrics_mas_Qwen_Qwen3-8B_aime2024_hierarchical_anchor_test_seed42_n30.json
aime2024,hierarchical,Qwen/Qwen3-8B,anchor,0.5666666666666667,Uncertainty-Max,0.32142857142857145,0.17857142857142855,0.18478260869565216,0.0,0.27445652173913043,0.022616293612967853,23,/u/yliu105/MAS_UQ/preds/uq/uq_metrics_mas_Qwen_Qwen3-8B_aime2024_hierarchical_anchor_test_seed42_n30.json
aime2024,hierarchical,Qwen/Qwen3-8B,anchor,0.5666666666666667,Uncertainty-Mean,0.25,0.25,0.2490942028985507,0.06431159420289853,0.29436518719806765,0.042524959071905066,23,/u/yliu105/MAS_UQ/preds/uq/uq_metrics_mas_Qwen_Qwen3-8B_aime2024_hierarchical_anchor_test_seed42_n30.json
aime2024,hierarchical,google/gemma-3-12b-it,anchor,0.23333333333333334,Formula-Uncertainty-Final,0.49166666666666664,0.2375,0.2032752403846154,0.06370192307692307,0.2828421959510216,0.07881047175480768,26,/u/yliu105/MAS_UQ/preds/uq/uq_metrics_mas_google_gemma-3-12b-it_aime2024_hierarchical_anchor_test_seed42_n30.json
aime2024,hierarchical,google/gemma-3-12b-it,anchor,0.23333333333333334,Formula-Uncertainty-Max,0.5833333333333334,0.14583333333333326,0.13957331730769232,0.0,0.20403172419621393,0.0,26,/u/yliu105/MAS_UQ/preds/uq/uq_metrics_mas_google_gemma-3-12b-it_aime2024_hierarchical_anchor_test_seed42_n30.json
aime2024,hierarchical,google/gemma-3-12b-it,anchor,0.23333333333333334,Formula-Uncertainty-Mean,0.4666666666666667,0.26249999999999996,0.21252754407051283,0.07295422676282051,0.2501199551117726,0.046088230915558664,26,/u/yliu105/MAS_UQ/preds/uq/uq_metrics_mas_google_gemma-3-12b-it_aime2024_hierarchical_anchor_test_seed42_n30.json
aime2024,hierarchical,google/gemma-3-12b-it,anchor,0.23333333333333334,Hazard-h-Final,0.47368421052631576,0.25548245614035087,0.22140625000000003,0.08183293269230771,0.2916558837890625,0.08762415959284856,25,/u/yliu105/MAS_UQ/preds/uq/uq_metrics_mas_google_gemma-3-12b-it_aime2024_hierarchical_anchor_test_seed42_n30.json
aime2024,hierarchical,google/gemma-3-12b-it,anchor,0.23333333333333334,Hazard-h-Max,0.575,0.15416666666666667,0.1435797275641026,0.00400641025641027,0.20625194321330798,0.002220219017094044,26,/u/yliu105/MAS_UQ/preds/uq/uq_metrics_mas_google_gemma-3-12b-it_aime2024_hierarchical_anchor_test_seed42_n30.json
aime2024,hierarchical,google/gemma-3-12b-it,anchor,0.23333333333333334,Hazard-h-Mean,0.49583333333333335,0.23333333333333328,0.19909354967948723,0.05952023237179491,0.2416987133841229,0.03766698918790898,26,/u/yliu105/MAS_UQ/preds/uq/uq_metrics_mas_google_gemma-3-12b-it_aime2024_hierarchical_anchor_test_seed42_n30.json
aime2024,hierarchical,google/gemma-3-12b-it,anchor,0.23333333333333334,System-Uncertainty-Final,0.5083333333333333,0.22083333333333333,0.1886116808178791,0.04903836351018678,0.23265341881476462,0.028621694618550686,26,/u/yliu105/MAS_UQ/preds/uq/uq_metrics_mas_google_gemma-3-12b-it_aime2024_hierarchical_anchor_test_seed42_n30.json
aime2024,hierarchical,google/gemma-3-12b-it,anchor,0.23333333333333334,Uncertainty-Final,0.7291666666666666,0.0,0.25961538461538464,0.12004206730769232,0.2091346153846154,0.005102891188401459,26,/u/yliu105/MAS_UQ/preds/uq/uq_metrics_mas_google_gemma-3-12b-it_aime2024_hierarchical_anchor_test_seed42_n30.json
aime2024,hierarchical,google/gemma-3-12b-it,anchor,0.23333333333333334,Uncertainty-Max,0.5958333333333333,0.1333333333333333,0.19230769230769232,0.052734375,0.21634615384615385,0.012314429649939923,26,/u/yliu105/MAS_UQ/preds/uq/uq_metrics_mas_google_gemma-3-12b-it_aime2024_hierarchical_anchor_test_seed42_n30.json
aime2024,hierarchical,google/gemma-3-12b-it,anchor,0.23333333333333334,Uncertainty-Mean,0.7,0.029166666666666674,0.2564102564102564,0.11683693910256407,0.21674679487179485,0.01271507067558092,26,/u/yliu105/MAS_UQ/preds/uq/uq_metrics_mas_google_gemma-3-12b-it_aime2024_hierarchical_anchor_test_seed42_n30.json
aime2024,sequential,Qwen/Qwen3-8B,anchor,0.6333333333333333,Formula-Uncertainty-Final,0.706766917293233,0.08270676691729328,0.2863534780649038,0.1653598883213141,0.26364036850058115,0.08815959926981193,26,/u/yliu105/MAS_UQ/preds/uq/uq_metrics_mas_Qwen_Qwen3-8B_aime2024_sequential_anchor_test_seed42_n30.json
aime2024,sequential,Qwen/Qwen3-8B,anchor,0.6333333333333333,Formula-Uncertainty-Max,0.6353383458646616,0.15413533834586468,0.3353083683894231,0.21431477864583337,0.29046635071818644,0.11498558148741722,26,/u/yliu105/MAS_UQ/preds/uq/uq_metrics_mas_Qwen_Qwen3-8B_aime2024_sequential_anchor_test_seed42_n30.json
aime2024,sequential,Qwen/Qwen3-8B,anchor,0.6333333333333333,Formula-Uncertainty-Mean,0.6842105263157895,0.10526315789473684,0.2617175762469952,0.1407239865034055,0.24855035456876534,0.07306958533799612,26,/u/yliu105/MAS_UQ/preds/uq/uq_metrics_mas_Qwen_Qwen3-8B_aime2024_sequential_anchor_test_seed42_n30.json
aime2024,sequential,Qwen/Qwen3-8B,anchor,0.6333333333333333,Hazard-h-Final,0.5138888888888888,0.2755847953216375,0.396087646484375,0.2750940567407853,0.2649607200175524,0.08947995078678317,20,/u/yliu105/MAS_UQ/preds/uq/uq_metrics_mas_Qwen_Qwen3-8B_aime2024_sequential_anchor_test_seed42_n30.json
aime2024,sequential,Qwen/Qwen3-8B,anchor,0.6333333333333333,Hazard-h-Max,0.6353383458646616,0.15413533834586468,0.3353083683894231,0.21431477864583337,0.29046635071818644,0.11498558148741722,26,/u/yliu105/MAS_UQ/preds/uq/uq_metrics_mas_Qwen_Qwen3-8B_aime2024_sequential_anchor_test_seed42_n30.json
aime2024,sequential,Qwen/Qwen3-8B,anchor,0.6333333333333333,Hazard-h-Mean,0.6842105263157895,0.10526315789473684,0.2617175762469952,0.1407239865034055,0.24855035456876534,0.07306958533799612,26,/u/yliu105/MAS_UQ/preds/uq/uq_metrics_mas_Qwen_Qwen3-8B_aime2024_sequential_anchor_test_seed42_n30.json
aime2024,sequential,Qwen/Qwen3-8B,anchor,0.6333333333333333,System-Uncertainty-Final,0.6616541353383458,0.1278195488721805,0.2491721582233004,0.1281785684797107,0.2544186517067104,0.07893788247594119,26,/u/yliu105/MAS_UQ/preds/uq/uq_metrics_mas_Qwen_Qwen3-8B_aime2024_sequential_anchor_test_seed42_n30.json
aime2024,sequential,Qwen/Qwen3-8B,anchor,0.6333333333333333,Uncertainty-Final,0.7894736842105263,0.0,0.2596153846153847,0.138621794871795,0.17548076923076922,0.0,26,/u/yliu105/MAS_UQ/preds/uq/uq_metrics_mas_Qwen_Qwen3-8B_aime2024_sequential_anchor_test_seed42_n30.json
aime2024,sequential,Qwen/Qwen3-8B,anchor,0.6333333333333333,Uncertainty-Max,0.6090225563909775,0.18045112781954886,0.1923076923076923,0.07131410256410257,0.25,0.07451923076923078,26,/u/yliu105/MAS_UQ/preds/uq/uq_metrics_mas_Qwen_Qwen3-8B_aime2024_sequential_anchor_test_seed42_n30.json
aime2024,sequential,Qwen/Qwen3-8B,anchor,0.6333333333333333,Uncertainty-Mean,0.7819548872180451,0.007518796992481258,0.12099358974358972,0.0,0.18524639423076922,0.009765625,26,/u/yliu105/MAS_UQ/preds/uq/uq_metrics_mas_Qwen_Qwen3-8B_aime2024_sequential_anchor_test_seed42_n30.json
aime2024,sequential,google/gemma-3-12b-it,anchor,0.16666666666666666,Formula-Uncertainty-Final,0.5,0.08750000000000002,0.16221516927083332,0.02259724934895832,0.18217779199282327,0.01484983911116916,30,/u/yliu105/MAS_UQ/preds/uq/uq_metrics_mas_google_gemma-3-12b-it_aime2024_sequential_anchor_test_seed42_n30.json
aime2024,sequential,google/gemma-3-12b-it,anchor,0.16666666666666666,Formula-Uncertainty-Max,0.52,0.0675,0.17021484375,0.03059692382812501,0.17148021062215169,0.0041522577404975725,30,/u/yliu105/MAS_UQ/preds/uq/uq_metrics_mas_google_gemma-3-12b-it_aime2024_sequential_anchor_test_seed42_n30.json
aime2024,sequential,google/gemma-3-12b-it,anchor,0.16666666666666666,Formula-Uncertainty-Mean,0.548,0.03949999999999998,0.22514173719618052,0.08552381727430552,0.19595687881939938,0.02862892593774527,30,/u/yliu105/MAS_UQ/preds/uq/uq_metrics_mas_google_gemma-3-12b-it_aime2024_sequential_anchor_test_seed42_n30.json
aime2024,sequential,google/gemma-3-12b-it,anchor,0.16666666666666666,Hazard-h-Final,0.5875,0.0,0.139617919921875,0.0,0.1673279528816541,0.0,24,/u/yliu105/MAS_UQ/preds/uq/uq_metrics_mas_google_gemma-3-12b-it_aime2024_sequential_anchor_test_seed42_n30.json
aime2024,sequential,google/gemma-3-12b-it,anchor,0.16666666666666666,Hazard-h-Max,0.52,0.0675,0.17021484375,0.03059692382812501,0.17148021062215169,0.0041522577404975725,30,/u/yliu105/MAS_UQ/preds/uq/uq_metrics_mas_google_gemma-3-12b-it_aime2024_sequential_anchor_test_seed42_n30.json
aime2024,sequential,google/gemma-3-12b-it,anchor,0.16666666666666666,Hazard-h-Mean,0.548,0.03949999999999998,0.22514173719618052,0.08552381727430552,0.19595687881939938,0.02862892593774527,30,/u/yliu105/MAS_UQ/preds/uq/uq_metrics_mas_google_gemma-3-12b-it_aime2024_sequential_anchor_test_seed42_n30.json
aime2024,sequential,google/gemma-3-12b-it,anchor,0.16666666666666666,System-Uncertainty-Final,0.548,0.03949999999999998,0.21378049474111827,0.07416257481924327,0.19150580413100043,0.02417785124934632,30,/u/yliu105/MAS_UQ/preds/uq/uq_metrics_mas_google_gemma-3-12b-it_aime2024_sequential_anchor_test_seed42_n30.json
aime2024,sequential,google/gemma-3-12b-it,anchor,0.16666666666666666,Uncertainty-Final,0.52,0.0675,0.3916666666666666,0.2520487467447916,0.32708333333333334,0.15975538045167922,30,/u/yliu105/MAS_UQ/preds/uq/uq_metrics_mas_google_gemma-3-12b-it_aime2024_sequential_anchor_test_seed42_n30.json
aime2024,sequential,google/gemma-3-12b-it,anchor,0.16666666666666666,Uncertainty-Max,0.58,0.007500000000000062,0.3,0.160382080078125,0.225,0.05767204711834589,30,/u/yliu105/MAS_UQ/preds/uq/uq_metrics_mas_google_gemma-3-12b-it_aime2024_sequential_anchor_test_seed42_n30.json
aime2024,sequential,google/gemma-3-12b-it,anchor,0.16666666666666666,Uncertainty-Mean,0.568,0.019500000000000073,0.35000000000000003,0.21038208007812503,0.2648726851851852,0.09754473230353108,30,/u/yliu105/MAS_UQ/preds/uq/uq_metrics_mas_google_gemma-3-12b-it_aime2024_sequential_anchor_test_seed42_n30.json
humanevalplus,hierarchical,Qwen/Qwen3-8B,anchor,0.9024390243902439,Formula-Uncertainty-Final,0.7111486486486487,0.0869932432432432,0.23472818514195887,0.18709099002000765,0.14851435648686276,0.07417651349905788,164,/u/yliu105/MAS_UQ/preds/uq/uq_metrics_mas_Qwen_Qwen3-8B_humanevalplus_hierarchical_anchor_test_seed42_n164.json
humanevalplus,hierarchical,Qwen/Qwen3-8B,anchor,0.9024390243902439,Formula-Uncertainty-Max,0.7449324324324325,0.05320945945945943,0.23706240770293444,0.18942521258098322,0.14938931778164172,0.07505147479383684,164,/u/yliu105/MAS_UQ/preds/uq/uq_metrics_mas_Qwen_Qwen3-8B_humanevalplus_hierarchical_anchor_test_seed42_n164.json
humanevalplus,hierarchical,Qwen/Qwen3-8B,anchor,0.9024390243902439,Formula-Uncertainty-Mean,0.792018581081081,0.006123310810810856,0.09530165137314212,0.04766445625119089,0.08067966115848366,0.006341818170678776,164,/u/yliu105/MAS_UQ/preds/uq/uq_metrics_mas_Qwen_Qwen3-8B_humanevalplus_hierarchical_anchor_test_seed42_n164.json
humanevalplus,hierarchical,Qwen/Qwen3-8B,anchor,0.9024390243902439,Hazard-h-Final,0.7111486486486487,0.0869932432432432,0.23472818514195887,0.18709099002000765,0.14851435648686276,0.07417651349905788,164,/u/yliu105/MAS_UQ/preds/uq/uq_metrics_mas_Qwen_Qwen3-8B_humanevalplus_hierarchical_anchor_test_seed42_n164.json
humanevalplus,hierarchical,Qwen/Qwen3-8B,anchor,0.9024390243902439,Hazard-h-Max,0.7299408783783784,0.06820101351351349,0.22778903371919457,0.18015183859724335,0.14719006727351167,0.07285222428570678,164,/u/yliu105/MAS_UQ/preds/uq/uq_metrics_mas_Qwen_Qwen3-8B_humanevalplus_hierarchical_anchor_test_seed42_n164.json
humanevalplus,hierarchical,Qwen/Qwen3-8B,anchor,0.9024390243902439,Hazard-h-Mean,0.7736486486486487,0.0244932432432432,0.15907070501063894,0.11143350988868772,0.10249280132325544,0.028154958335450564,164,/u/yliu105/MAS_UQ/preds/uq/uq_metrics_mas_Qwen_Qwen3-8B_humanevalplus_hierarchical_anchor_test_seed42_n164.json
humanevalplus,hierarchical,Qwen/Qwen3-8B,anchor,0.9024390243902439,System-Uncertainty-Final,0.7677364864864865,0.030405405405405372,0.15385345829987085,0.10621626317791963,0.10668861637517517,0.03235077338737029,164,/u/yliu105/MAS_UQ/preds/uq/uq_metrics_mas_Qwen_Qwen3-8B_humanevalplus_hierarchical_anchor_test_seed42_n164.json
humanevalplus,hierarchical,Qwen/Qwen3-8B,anchor,0.9024390243902439,Uncertainty-Final,0.5620777027027027,0.23606418918918914,0.12347560975609757,0.07583841463414634,0.10022865853658537,0.02589081554878049,164,/u/yliu105/MAS_UQ/preds/uq/uq_metrics_mas_Qwen_Qwen3-8B_humanevalplus_hierarchical_anchor_test_seed42_n164.json
humanevalplus,hierarchical,Qwen/Qwen3-8B,anchor,0.9024390243902439,Uncertainty-Max,0.737331081081081,0.060810810810810856,0.138719512195122,0.09108231707317077,0.09794207317073171,0.02360423018292683,164,/u/yliu105/MAS_UQ/preds/uq/uq_metrics_mas_Qwen_Qwen3-8B_humanevalplus_hierarchical_anchor_test_seed42_n164.json
humanevalplus,hierarchical,Qwen/Qwen3-8B,anchor,0.9024390243902439,Uncertainty-Mean,0.7981418918918919,0.0,0.04763719512195123,0.0,0.07433784298780488,0.0,164,/u/yliu105/MAS_UQ/preds/uq/uq_metrics_mas_Qwen_Qwen3-8B_humanevalplus_hierarchical_anchor_test_seed42_n164.json
humanevalplus,hierarchical,google/gemma-3-12b-it,anchor,0.7682926829268293,Formula-Uncertainty-Final,0.5476190476190477,0.09241854636591473,0.384318281964558,0.23645242830602137,0.3670345341741312,0.17534246100339948,164,/u/yliu105/MAS_UQ/preds/uq/uq_metrics_mas_google_gemma-3-12b-it_humanevalplus_hierarchical_anchor_test_seed42_n164.json
humanevalplus,hierarchical,google/gemma-3-12b-it,anchor,0.7682926829268293,Formula-Uncertainty-Max,0.5508563074352548,0.08918128654970758,0.38469937952553357,0.23683352586699696,0.36662961801559457,0.17493754484486287,164,/u/yliu105/MAS_UQ/preds/uq/uq_metrics_mas_google_gemma-3-12b-it_humanevalplus_hierarchical_anchor_test_seed42_n164.json
humanevalplus,hierarchical,google/gemma-3-12b-it,anchor,0.7682926829268293,Formula-Uncertainty-Mean,0.5555555555555556,0.08448203842940682,0.24826651472386307,0.10040066106532647,0.25275853329034,0.061066460119608285,164,/u/yliu105/MAS_UQ/preds/uq/uq_metrics_mas_google_gemma-3-12b-it_humanevalplus_hierarchical_anchor_test_seed42_n164.json
humanevalplus,hierarchical,google/gemma-3-12b-it,anchor,0.7682926829268293,Hazard-h-Final,0.5476190476190477,0.09241854636591473,0.384318281964558,0.23645242830602137,0.3670345341741312,0.17534246100339948,164,/u/yliu105/MAS_UQ/preds/uq/uq_metrics_mas_google_gemma-3-12b-it_humanevalplus_hierarchical_anchor_test_seed42_n164.json
humanevalplus,hierarchical,google/gemma-3-12b-it,anchor,0.7682926829268293,Hazard-h-Max,0.5508563074352548,0.08918128654970758,0.38469937952553357,0.23683352586699696,0.36662961801559457,0.17493754484486287,164,/u/yliu105/MAS_UQ/preds/uq/uq_metrics_mas_google_gemma-3-12b-it_humanevalplus_hierarchical_anchor_test_seed42_n164.json
humanevalplus,hierarchical,google/gemma-3-12b-it,anchor,0.7682926829268293,Hazard-h-Mean,0.5491854636591479,0.09085213032581452,0.28381310439691315,0.13594725073837655,0.28549998999777726,0.09380791682704556,164,/u/yliu105/MAS_UQ/preds/uq/uq_metrics_mas_google_gemma-3-12b-it_humanevalplus_hierarchical_anchor_test_seed42_n164.json
humanevalplus,hierarchical,google/gemma-3-12b-it,anchor,0.7682926829268293,System-Uncertainty-Final,0.5485588972431078,0.0914786967418546,0.307359095779607,0.1594932421210704,0.30474897497562153,0.11305690180488984,164,/u/yliu105/MAS_UQ/preds/uq/uq_metrics_mas_google_gemma-3-12b-it_humanevalplus_hierarchical_anchor_test_seed42_n164.json
humanevalplus,hierarchical,google/gemma-3-12b-it,anchor,0.7682926829268293,Uncertainty-Final,0.6400375939849624,0.0,0.1478658536585366,0.0,0.1916920731707317,0.0,164,/u/yliu105/MAS_UQ/preds/uq/uq_metrics_mas_google_gemma-3-12b-it_humanevalplus_hierarchical_anchor_test_seed42_n164.json
humanevalplus,hierarchical,google/gemma-3-12b-it,anchor,0.7682926829268293,Uncertainty-Max,0.5147243107769424,0.12531328320802004,0.2454268292682927,0.0975609756097561,0.2549542682926829,0.06326219512195122,164,/u/yliu105/MAS_UQ/preds/uq/uq_metrics_mas_google_gemma-3-12b-it_humanevalplus_hierarchical_anchor_test_seed42_n164.json
humanevalplus,hierarchical,google/gemma-3-12b-it,anchor,0.7682926829268293,Uncertainty-Mean,0.5915831244778613,0.04845446950710108,0.17441565040650409,0.02654979674796748,0.20541952489837395,0.013727451727642254,164,/u/yliu105/MAS_UQ/preds/uq/uq_metrics_mas_google_gemma-3-12b-it_humanevalplus_hierarchical_anchor_test_seed42_n164.json
humanevalplus,sequential,Qwen/Qwen3-8B,anchor,0.8902439024390244,Formula-Uncertainty-Final,0.7785388127853882,0.04166666666666663,0.36420943097370434,0.250261260241997,0.22136010465825476,0.1294547227138103,164,/u/yliu105/MAS_UQ/preds/uq/uq_metrics_mas_Qwen_Qwen3-8B_humanevalplus_sequential_anchor_test_seed42_n164.json
humanevalplus,sequential,Qwen/Qwen3-8B,anchor,0.8902439024390244,Formula-Uncertainty-Max,0.816400304414003,0.003805175038051778,0.38393569574123476,0.26998752500952744,0.2367582602835283,0.14485287833908386,164,/u/yliu105/MAS_UQ/preds/uq/uq_metrics_mas_Qwen_Qwen3-8B_humanevalplus_sequential_anchor_test_seed42_n164.json
humanevalplus,sequential,Qwen/Qwen3-8B,anchor,0.8902439024390244,Formula-Uncertainty-Mean,0.8091704718417048,0.011035007610350034,0.30496370889307034,0.19101553816136302,0.17238988025558147,0.08048449831113702,164,/u/yliu105/MAS_UQ/preds/uq/uq_metrics_mas_Qwen_Qwen3-8B_humanevalplus_sequential_anchor_test_seed42_n164.json
humanevalplus,sequential,Qwen/Qwen3-8B,anchor,0.8902439024390244,Hazard-h-Final,0.7663286004056795,0.05387687904637528,0.36681300033757724,0.2528648296058699,0.22187154362966985,0.1299661616852254,162,/u/yliu105/MAS_UQ/preds/uq/uq_metrics_mas_Qwen_Qwen3-8B_humanevalplus_sequential_anchor_test_seed42_n164.json
humanevalplus,sequential,Qwen/Qwen3-8B,anchor,0.8902439024390244,Hazard-h-Max,0.816400304414003,0.003805175038051778,0.38393569574123476,0.26998752500952744,0.2367582602835283,0.14485287833908386,164,/u/yliu105/MAS_UQ/preds/uq/uq_metrics_mas_Qwen_Qwen3-8B_humanevalplus_sequential_anchor_test_seed42_n164.json
humanevalplus,sequential,Qwen/Qwen3-8B,anchor,0.8902439024390244,Hazard-h-Mean,0.8091704718417048,0.011035007610350034,0.30496370889307034,0.19101553816136302,0.17238988025558147,0.08048449831113702,164,/u/yliu105/MAS_UQ/preds/uq/uq_metrics_mas_Qwen_Qwen3-8B_humanevalplus_sequential_anchor_test_seed42_n164.json
humanevalplus,sequential,Qwen/Qwen3-8B,anchor,0.8902439024390244,System-Uncertainty-Final,0.8078386605783866,0.012366818873668195,0.3040424669857801,0.19009429625407276,0.17875127349574432,0.08684589155129988,164,/u/yliu105/MAS_UQ/preds/uq/uq_metrics_mas_Qwen_Qwen3-8B_humanevalplus_sequential_anchor_test_seed42_n164.json
humanevalplus,sequential,Qwen/Qwen3-8B,anchor,0.8902439024390244,Uncertainty-Final,0.7222222222222222,0.09798325722983259,0.12652439024390244,0.012576219512195105,0.09336890243902439,0.0014635204945799424,164,/u/yliu105/MAS_UQ/preds/uq/uq_metrics_mas_Qwen_Qwen3-8B_humanevalplus_sequential_anchor_test_seed42_n164.json
humanevalplus,sequential,Qwen/Qwen3-8B,anchor,0.8902439024390244,Uncertainty-Max,0.7753044140030442,0.044901065449010624,0.24847560975609753,0.13452743902439018,0.14900914634146342,0.057103764397018975,164,/u/yliu105/MAS_UQ/preds/uq/uq_metrics_mas_Qwen_Qwen3-8B_humanevalplus_sequential_anchor_test_seed42_n164.json
humanevalplus,sequential,Qwen/Qwen3-8B,anchor,0.8902439024390244,Uncertainty-Mean,0.8202054794520548,0.0,0.11394817073170734,0.0,0.09190538194444445,0.0,164,/u/yliu105/MAS_UQ/preds/uq/uq_metrics_mas_Qwen_Qwen3-8B_humanevalplus_sequential_anchor_test_seed42_n164.json
humanevalplus,sequential,google/gemma-3-12b-it,anchor,0.7378048780487805,Formula-Uncertainty-Final,0.640303670959062,0.005862002690755319,0.2731814500762195,0.1757475069867886,0.27357705496251583,0.08017268927823398,164,/u/yliu105/MAS_UQ/preds/uq/uq_metrics_mas_google_gemma-3-12b-it_humanevalplus_sequential_anchor_test_seed42_n164.json
humanevalplus,sequential,google/gemma-3-12b-it,anchor,0.7378048780487805,Formula-Uncertainty-Max,0.6176244474341726,0.02854122621564481,0.31787332674352137,0.22043938365409044,0.29684284915466136,0.10343848347037951,164,/u/yliu105/MAS_UQ/preds/uq/uq_metrics_mas_google_gemma-3-12b-it_humanevalplus_sequential_anchor_test_seed42_n164.json
humanevalplus,sequential,google/gemma-3-12b-it,anchor,0.7378048780487805,Formula-Uncertainty-Mean,0.6237747453392274,0.022390928310589975,0.22944603896722562,0.13201209587779472,0.24680629950919034,0.05340193382490849,164,/u/yliu105/MAS_UQ/preds/uq/uq_metrics_mas_google_gemma-3-12b-it_humanevalplus_sequential_anchor_test_seed42_n164.json
humanevalplus,sequential,google/gemma-3-12b-it,anchor,0.7378048780487805,Hazard-h-Final,0.6452731092436975,0.0008925644061198446,0.28368833529874216,0.18625439220931123,0.27530079231884497,0.08189642663456312,159,/u/yliu105/MAS_UQ/preds/uq/uq_metrics_mas_google_gemma-3-12b-it_humanevalplus_sequential_anchor_test_seed42_n164.json
humanevalplus,sequential,google/gemma-3-12b-it,anchor,0.7378048780487805,Hazard-h-Max,0.6176244474341726,0.02854122621564481,0.31787332674352137,0.22043938365409044,0.29684284915466136,0.10343848347037951,164,/u/yliu105/MAS_UQ/preds/uq/uq_metrics_mas_google_gemma-3-12b-it_humanevalplus_sequential_anchor_test_seed42_n164.json
humanevalplus,sequential,google/gemma-3-12b-it,anchor,0.7378048780487805,Hazard-h-Mean,0.6237747453392274,0.022390928310589975,0.22944603896722562,0.13201209587779472,0.24680629950919034,0.05340193382490849,164,/u/yliu105/MAS_UQ/preds/uq/uq_metrics_mas_google_gemma-3-12b-it_humanevalplus_sequential_anchor_test_seed42_n164.json
humanevalplus,sequential,google/gemma-3-12b-it,anchor,0.7378048780487805,System-Uncertainty-Final,0.6237747453392274,0.022390928310589975,0.23864805879796122,0.14121411570853032,0.25240045623375895,0.058996090549477104,164,/u/yliu105/MAS_UQ/preds/uq/uq_metrics_mas_google_gemma-3-12b-it_humanevalplus_sequential_anchor_test_seed42_n164.json
humanevalplus,sequential,google/gemma-3-12b-it,anchor,0.7378048780487805,Uncertainty-Final,0.6311743225062464,0.014991351143570975,0.10365853658536589,0.006224593495934974,0.1989329268292683,0.005528561144986455,164,/u/yliu105/MAS_UQ/preds/uq/uq_metrics_mas_google_gemma-3-12b-it_humanevalplus_sequential_anchor_test_seed42_n164.json
humanevalplus,sequential,google/gemma-3-12b-it,anchor,0.7378048780487805,Uncertainty-Max,0.5750528541226215,0.07111281952719584,0.16006097560975607,0.06262703252032516,0.21989329268292682,0.026488926998644968,164,/u/yliu105/MAS_UQ/preds/uq/uq_metrics_mas_google_gemma-3-12b-it_humanevalplus_sequential_anchor_test_seed42_n164.json
humanevalplus,sequential,google/gemma-3-12b-it,anchor,0.7378048780487805,Uncertainty-Mean,0.6461656736498174,0.0,0.09743394308943092,0.0,0.19340436568428185,0.0,164,/u/yliu105/MAS_UQ/preds/uq/uq_metrics_mas_google_gemma-3-12b-it_humanevalplus_sequential_anchor_test_seed42_n164.json
mbppplus,hierarchical,Qwen/Qwen3-8B,anchor,0.7962962962962963,Formula-Uncertainty-Final,0.686046511627907,0.016136687233032743,0.11323393968047288,0.0669376433841766,0.16653065457348787,0.013806769619150894,378,/u/yliu105/MAS_UQ/preds/uq/uq_metrics_mas_Qwen_Qwen3-8B_mbppplus_hierarchical_anchor_test_seed42_n378.json
mbppplus,hierarchical,Qwen/Qwen3-8B,anchor,0.7962962962962963,Formula-Uncertainty-Max,0.6848815636191051,0.01730163524183459,0.12413501234912366,0.07783871605282738,0.16811156591213255,0.01538768095779558,378,/u/yliu105/MAS_UQ/preds/uq/uq_metrics_mas_Qwen_Qwen3-8B_mbppplus_hierarchical_anchor_test_seed42_n378.json
mbppplus,hierarchical,Qwen/Qwen3-8B,anchor,0.7962962962962963,Formula-Uncertainty-Mean,0.6872761789705312,0.014907019890408546,0.0724021602139481,0.026105863917651823,0.15285192928661587,0.00012804433227889267,378,/u/yliu105/MAS_UQ/preds/uq/uq_metrics_mas_Qwen_Qwen3-8B_mbppplus_hierarchical_anchor_test_seed42_n378.json
mbppplus,hierarchical,Qwen/Qwen3-8B,anchor,0.7962962962962963,Hazard-h-Final,0.686046511627907,0.016136687233032743,0.11323393968047288,0.0669376433841766,0.16653065457348787,0.013806769619150894,378,/u/yliu105/MAS_UQ/preds/uq/uq_metrics_mas_Qwen_Qwen3-8B_mbppplus_hierarchical_anchor_test_seed42_n378.json
mbppplus,hierarchical,Qwen/Qwen3-8B,anchor,0.7962962962962963,Hazard-h-Max,0.6874271907494499,0.014756008111489805,0.11556597781980268,0.0692696815235064,0.16639481905709816,0.013670934102761184,378,/u/yliu105/MAS_UQ/preds/uq/uq_metrics_mas_Qwen_Qwen3-8B_mbppplus_hierarchical_anchor_test_seed42_n378.json
mbppplus,hierarchical,Qwen/Qwen3-8B,anchor,0.7962962962962963,Hazard-h-Mean,0.6848599905078311,0.017323208353108632,0.058704436771453365,0.012408140475157085,0.15272388495433697,0.0,378,/u/yliu105/MAS_UQ/preds/uq/uq_metrics_mas_Qwen_Qwen3-8B_mbppplus_hierarchical_anchor_test_seed42_n378.json
mbppplus,hierarchical,Qwen/Qwen3-8B,anchor,0.7962962962962963,System-Uncertainty-Final,0.6856797687362471,0.016503430124692575,0.06461674859885563,0.018320452302559354,0.15344701275413464,0.0007231277997976626,378,/u/yliu105/MAS_UQ/preds/uq/uq_metrics_mas_Qwen_Qwen3-8B_mbppplus_hierarchical_anchor_test_seed42_n378.json
mbppplus,hierarchical,Qwen/Qwen3-8B,anchor,0.7962962962962963,Uncertainty-Final,0.6403978081718945,0.061785390689045205,0.08730158730158731,0.04100529100529103,0.16104497354497355,0.008321088590636572,378,/u/yliu105/MAS_UQ/preds/uq/uq_metrics_mas_Qwen_Qwen3-8B_mbppplus_hierarchical_anchor_test_seed42_n378.json
mbppplus,hierarchical,Qwen/Qwen3-8B,anchor,0.7962962962962963,Uncertainty-Max,0.6502567200241619,0.05192647883677781,0.04629629629629628,0.0,0.15376984126984128,0.001045956315504304,378,/u/yliu105/MAS_UQ/preds/uq/uq_metrics_mas_Qwen_Qwen3-8B_mbppplus_hierarchical_anchor_test_seed42_n378.json
mbppplus,hierarchical,Qwen/Qwen3-8B,anchor,0.7962962962962963,Uncertainty-Mean,0.7021831988609397,0.0,0.1002535273368607,0.05395723104056442,0.15655427873309818,0.0038303937787612097,378,/u/yliu105/MAS_UQ/preds/uq/uq_metrics_mas_Qwen_Qwen3-8B_mbppplus_hierarchical_anchor_test_seed42_n378.json
mbppplus,hierarchical,Qwen/Qwen3-8B,continuous,0.7962962962962963,Formula-Uncertainty-Final,0.6282305734132977,0.056758855762177984,0.08396779037280117,0.058177367080498685,0.1662402541591219,0.012081728065947178,378,/u/yliu105/MAS_UQ/preds/uq/uq_metrics_mas_Qwen_Qwen3-8B_mbppplus_hierarchical_continuous_test_seed42_n378.json
mbppplus,hierarchical,Qwen/Qwen3-8B,continuous,0.7962962962962963,Formula-Uncertainty-Max,0.6303878845407085,0.054601544634767185,0.08537004778232497,0.05957962449002249,0.16658927378483251,0.012430747691657806,378,/u/yliu105/MAS_UQ/preds/uq/uq_metrics_mas_Qwen_Qwen3-8B_mbppplus_hierarchical_continuous_test_seed42_n378.json
mbppplus,hierarchical,Qwen/Qwen3-8B,continuous,0.7962962962962963,Formula-Uncertainty-Mean,0.6754109677697717,0.009578461405703953,0.07255880289180802,0.04676837959950554,0.1564487917602398,0.0022902656670650834,378,/u/yliu105/MAS_UQ/preds/uq/uq_metrics_mas_Qwen_Qwen3-8B_mbppplus_hierarchical_continuous_test_seed42_n378.json
mbppplus,hierarchical,Qwen/Qwen3-8B,continuous,0.7962962962962963,Hazard-h-Final,0.6282305734132977,0.056758855762177984,0.08396779037280117,0.058177367080498685,0.1662402541591219,0.012081728065947178,378,/u/yliu105/MAS_UQ/preds/uq/uq_metrics_mas_Qwen_Qwen3-8B_mbppplus_hierarchical_continuous_test_seed42_n378.json
mbppplus,hierarchical,Qwen/Qwen3-8B,continuous,0.7962962962962963,Hazard-h-Max,0.6280579885231048,0.05693144065237088,0.08415612546980293,0.05836570217750045,0.1663198547707668,0.012161328677592093,378,/u/yliu105/MAS_UQ/preds/uq/uq_metrics_mas_Qwen_Qwen3-8B_mbppplus_hierarchical_continuous_test_seed42_n378.json
mbppplus,hierarchical,Qwen/Qwen3-8B,continuous,0.7962962962962963,Hazard-h-Mean,0.6642576692410579,0.02073175993441778,0.02733106731911078,0.0015406440268083028,0.1541585260931747,0.0,378,/u/yliu105/MAS_UQ/preds/uq/uq_metrics_mas_Qwen_Qwen3-8B_mbppplus_hierarchical_continuous_test_seed42_n378.json
mbppplus,hierarchical,Qwen/Qwen3-8B,continuous,0.7962962962962963,System-Uncertainty-Final,0.6613237261077792,0.023665703067696442,0.025790423292302477,0.0,0.15510065921701824,0.0009421331238435304,378,/u/yliu105/MAS_UQ/preds/uq/uq_metrics_mas_Qwen_Qwen3-8B_mbppplus_hierarchical_continuous_test_seed42_n378.json
mbppplus,hierarchical,Qwen/Qwen3-8B,continuous,0.7962962962962963,Uncertainty-Final,0.5552055917504423,0.1297838374250334,0.09748677248677183,0.07169634919446935,0.16627645502645483,0.01211792893328012,378,/u/yliu105/MAS_UQ/preds/uq/uq_metrics_mas_Qwen_Qwen3-8B_mbppplus_hierarchical_continuous_test_seed42_n378.json
mbppplus,hierarchical,Qwen/Qwen3-8B,continuous,0.7962962962962963,Uncertainty-Max,0.675259955990853,0.009729473184622695,0.06825396825396861,0.04246354496166613,0.15595238095238095,0.0017938548592062453,378,/u/yliu105/MAS_UQ/preds/uq/uq_metrics_mas_Qwen_Qwen3-8B_mbppplus_hierarchical_continuous_test_seed42_n378.json
mbppplus,hierarchical,Qwen/Qwen3-8B,continuous,0.7962962962962963,Uncertainty-Mean,0.6849894291754757,0.0,0.10384700176366857,0.07805657847136609,0.1631159520135213,0.008957425920346596,378,/u/yliu105/MAS_UQ/preds/uq/uq_metrics_mas_Qwen_Qwen3-8B_mbppplus_hierarchical_continuous_test_seed42_n378.json
mbppplus,hierarchical,google/gemma-3-12b-it,anchor,0.753968253968254,Formula-Uncertainty-Final,0.5618468877782826,0.04111767378464337,0.367491704399453,0.18247844179998352,0.3532096688346616,0.14051072984261914,377,/u/yliu105/MAS_UQ/preds/uq/uq_metrics_mas_google_gemma-3-12b-it_mbppplus_hierarchical_anchor_test_seed42_n378.json
mbppplus,hierarchical,google/gemma-3-12b-it,anchor,0.753968253968254,Formula-Uncertainty-Max,0.5610896562168711,0.04187490534605487,0.3696883224365882,0.18467505983711874,0.3549134725067438,0.14221453351470137,377,/u/yliu105/MAS_UQ/preds/uq/uq_metrics_mas_google_gemma-3-12b-it_mbppplus_hierarchical_anchor_test_seed42_n378.json
mbppplus,hierarchical,google/gemma-3-12b-it,anchor,0.753968253968254,Formula-Uncertainty-Mean,0.5285854914432834,0.07437907011964262,0.2972204476515874,0.11220718505211791,0.2995137230881109,0.08681478409606846,377,/u/yliu105/MAS_UQ/preds/uq/uq_metrics_mas_google_gemma-3-12b-it_mbppplus_hierarchical_anchor_test_seed42_n378.json
mbppplus,hierarchical,google/gemma-3-12b-it,anchor,0.753968253968254,Hazard-h-Final,0.5618468877782826,0.04111767378464337,0.367491704399453,0.18247844179998352,0.3532096688346616,0.14051072984261914,377,/u/yliu105/MAS_UQ/preds/uq/uq_metrics_mas_google_gemma-3-12b-it_mbppplus_hierarchical_anchor_test_seed42_n378.json
mbppplus,hierarchical,google/gemma-3-12b-it,anchor,0.753968253968254,Hazard-h-Max,0.5610896562168711,0.04187490534605487,0.3696883224365882,0.18467505983711874,0.3549134725067438,0.14221453351470137,377,/u/yliu105/MAS_UQ/preds/uq/uq_metrics_mas_google_gemma-3-12b-it_mbppplus_hierarchical_anchor_test_seed42_n378.json
mbppplus,hierarchical,google/gemma-3-12b-it,anchor,0.753968253968254,Hazard-h-Mean,0.5366878691503862,0.06627669241253975,0.3112325896002569,0.12621932700078742,0.31162371071433775,0.0989247717222953,377,/u/yliu105/MAS_UQ/preds/uq/uq_metrics_mas_google_gemma-3-12b-it_mbppplus_hierarchical_anchor_test_seed42_n378.json
mbppplus,hierarchical,google/gemma-3-12b-it,anchor,0.753968253968254,System-Uncertainty-Final,0.5414962895653491,0.06146827199757687,0.32251519604461465,0.13750193344514516,0.3218143604862919,0.10911542149424946,377,/u/yliu105/MAS_UQ/preds/uq/uq_metrics_mas_google_gemma-3-12b-it_mbppplus_hierarchical_anchor_test_seed42_n378.json
mbppplus,hierarchical,google/gemma-3-12b-it,anchor,0.753968253968254,Uncertainty-Final,0.602964561562926,0.0,0.18501326259946949,0.0,0.21269893899204245,0.0,377,/u/yliu105/MAS_UQ/preds/uq/uq_metrics_mas_google_gemma-3-12b-it_mbppplus_hierarchical_anchor_test_seed42_n378.json
mbppplus,hierarchical,google/gemma-3-12b-it,anchor,0.753968253968254,Uncertainty-Max,0.522887323943662,0.080077237619264,0.29376657824933694,0.10875331564986745,0.294263925729443,0.08156498673740054,377,/u/yliu105/MAS_UQ/preds/uq/uq_metrics_mas_google_gemma-3-12b-it_mbppplus_hierarchical_anchor_test_seed42_n378.json
mbppplus,hierarchical,google/gemma-3-12b-it,anchor,0.753968253968254,Uncertainty-Mean,0.5312925942753294,0.07167196728759662,0.2303824049513705,0.04536914235190101,0.24878080791335092,0.03608186892130846,377,/u/yliu105/MAS_UQ/preds/uq/uq_metrics_mas_google_gemma-3-12b-it_mbppplus_hierarchical_anchor_test_seed42_n378.json
mbppplus,hierarchical,google/gemma-3-12b-it,continuous,0.7698412698412699,Formula-Uncertainty-Final,0.5606114468538926,0.08184224039183163,0.03790682003472185,9.06717923269268e-06,0.1675552306874799,1.5445281489195883e-05,378,/u/yliu105/MAS_UQ/preds/uq/uq_metrics_mas_google_gemma-3-12b-it_mbppplus_hierarchical_continuous_test_seed42_n378.json
mbppplus,hierarchical,google/gemma-3-12b-it,continuous,0.7698412698412699,Formula-Uncertainty-Max,0.5606509460046609,0.08180274124106335,0.03789775285548916,0.0,0.1675397854059907,0.0,378,/u/yliu105/MAS_UQ/preds/uq/uq_metrics_mas_google_gemma-3-12b-it_mbppplus_hierarchical_continuous_test_seed42_n378.json
mbppplus,hierarchical,google/gemma-3-12b-it,continuous,0.7698412698412699,Formula-Uncertainty-Mean,0.5984911324406526,0.04396255480507172,0.13808120236317717,0.10018344950768801,0.18835856213765798,0.020818776731667266,378,/u/yliu105/MAS_UQ/preds/uq/uq_metrics_mas_google_gemma-3-12b-it_mbppplus_hierarchical_continuous_test_seed42_n378.json
mbppplus,hierarchical,google/gemma-3-12b-it,continuous,0.7698412698412699,Hazard-h-Final,0.5606114468538926,0.08184224039183163,0.03790682003472185,9.06717923269268e-06,0.1675552306874799,1.5445281489195883e-05,378,/u/yliu105/MAS_UQ/preds/uq/uq_metrics_mas_google_gemma-3-12b-it_mbppplus_hierarchical_continuous_test_seed42_n378.json
mbppplus,hierarchical,google/gemma-3-12b-it,continuous,0.7698412698412699,Hazard-h-Max,0.5606114468538926,0.08184224039183163,0.03790682003472185,9.06717923269268e-06,0.1675552306874799,1.5445281489195883e-05,378,/u/yliu105/MAS_UQ/preds/uq/uq_metrics_mas_google_gemma-3-12b-it_mbppplus_hierarchical_continuous_test_seed42_n378.json
mbppplus,hierarchical,google/gemma-3-12b-it,continuous,0.7698412698412699,Hazard-h-Mean,0.5985306315914208,0.04392305565430343,0.10421575569637606,0.0663180028408869,0.17863231734510043,0.011092531939109723,378,/u/yliu105/MAS_UQ/preds/uq/uq_metrics_mas_google_gemma-3-12b-it_mbppplus_hierarchical_continuous_test_seed42_n378.json
mbppplus,hierarchical,google/gemma-3-12b-it,continuous,0.7698412698412699,System-Uncertainty-Final,0.5984911324406526,0.04396255480507172,0.10132754849281289,0.06342979563732373,0.17764939299194274,0.01010960758595203,378,/u/yliu105/MAS_UQ/preds/uq/uq_metrics_mas_google_gemma-3-12b-it_mbppplus_hierarchical_continuous_test_seed42_n378.json
mbppplus,hierarchical,google/gemma-3-12b-it,continuous,0.7698412698412699,Uncertainty-Final,0.5986293794683414,0.04382430777738289,0.17301587301586688,0.13511812016037772,0.1986640211640207,0.03112423575803,378,/u/yliu105/MAS_UQ/preds/uq/uq_metrics_mas_google_gemma-3-12b-it_mbppplus_hierarchical_continuous_test_seed42_n378.json
mbppplus,hierarchical,google/gemma-3-12b-it,continuous,0.7698412698412699,Uncertainty-Max,0.6419006991349686,0.0005529881107556589,0.16666666666666113,0.12876891381117198,0.19394179894179847,0.02640201353580776,378,/u/yliu105/MAS_UQ/preds/uq/uq_metrics_mas_google_gemma-3-12b-it_mbppplus_hierarchical_continuous_test_seed42_n378.json
mbppplus,hierarchical,google/gemma-3-12b-it,continuous,0.7698412698412699,Uncertainty-Mean,0.6424536872457243,0.0,0.17185846560846021,0.13396071275297106,0.19958788029100483,0.03204809488501412,378,/u/yliu105/MAS_UQ/preds/uq/uq_metrics_mas_google_gemma-3-12b-it_mbppplus_hierarchical_continuous_test_seed42_n378.json
mbppplus,sequential,Qwen/Qwen3-8B,anchor,0.791005291005291,Formula-Uncertainty-Final,0.7187248634689472,0.0,0.2579279500971395,0.2017110188802083,0.21589596803107905,0.07007182047082039,378,/u/yliu105/MAS_UQ/preds/uq/uq_metrics_mas_Qwen_Qwen3-8B_mbppplus_sequential_anchor_test_seed42_n378.json
mbppplus,sequential,Qwen/Qwen3-8B,anchor,0.791005291005291,Formula-Uncertainty-Max,0.7062571440667202,0.012467719402226907,0.284748703083664,0.22853177186673282,0.23188952790208595,0.08606538034182729,378,/u/yliu105/MAS_UQ/preds/uq/uq_metrics_mas_Qwen_Qwen3-8B_mbppplus_sequential_anchor_test_seed42_n378.json
mbppplus,sequential,Qwen/Qwen3-8B,anchor,0.791005291005291,Formula-Uncertainty-Mean,0.7134964650099488,0.005228398458998362,0.18778032306220374,0.13156339184527255,0.1821331408514457,0.03630899329118703,378,/u/yliu105/MAS_UQ/preds/uq/uq_metrics_mas_Qwen_Qwen3-8B_mbppplus_sequential_anchor_test_seed42_n378.json
mbppplus,sequential,Qwen/Qwen3-8B,anchor,0.791005291005291,Hazard-h-Final,0.7187248634689472,0.0,0.2579279500971395,0.2017110188802083,0.21589596803107905,0.07007182047082039,378,/u/yliu105/MAS_UQ/preds/uq/uq_metrics_mas_Qwen_Qwen3-8B_mbppplus_sequential_anchor_test_seed42_n378.json
mbppplus,sequential,Qwen/Qwen3-8B,anchor,0.791005291005291,Hazard-h-Max,0.7062571440667202,0.012467719402226907,0.284748703083664,0.22853177186673282,0.23188952790208595,0.08606538034182729,378,/u/yliu105/MAS_UQ/preds/uq/uq_metrics_mas_Qwen_Qwen3-8B_mbppplus_sequential_anchor_test_seed42_n378.json
mbppplus,sequential,Qwen/Qwen3-8B,anchor,0.791005291005291,Hazard-h-Mean,0.7134964650099488,0.005228398458998362,0.18778032306220374,0.13156339184527255,0.1821331408514457,0.03630899329118703,378,/u/yliu105/MAS_UQ/preds/uq/uq_metrics_mas_Qwen_Qwen3-8B_mbppplus_sequential_anchor_test_seed42_n378.json
mbppplus,sequential,Qwen/Qwen3-8B,anchor,0.791005291005291,System-Uncertainty-Final,0.7129672748825198,0.005757588586427387,0.19741853744455423,0.14120160622762304,0.18608348859404203,0.04025934103378337,378,/u/yliu105/MAS_UQ/preds/uq/uq_metrics_mas_Qwen_Qwen3-8B_mbppplus_sequential_anchor_test_seed42_n378.json
mbppplus,sequential,Qwen/Qwen3-8B,anchor,0.791005291005291,Uncertainty-Final,0.6736166970069006,0.04510816646204652,0.056216931216931186,0.0,0.1519510582010582,0.006126910640799538,378,/u/yliu105/MAS_UQ/preds/uq/uq_metrics_mas_Qwen_Qwen3-8B_mbppplus_sequential_anchor_test_seed42_n378.json
mbppplus,sequential,Qwen/Qwen3-8B,anchor,0.791005291005291,Uncertainty-Max,0.6481097328648237,0.0706151306041235,0.12896825396825395,0.07275132275132276,0.17179232804232805,0.025968180482069392,378,/u/yliu105/MAS_UQ/preds/uq/uq_metrics_mas_Qwen_Qwen3-8B_mbppplus_sequential_anchor_test_seed42_n378.json
mbppplus,sequential,Qwen/Qwen3-8B,anchor,0.791005291005291,Uncertainty-Mean,0.7149993649718471,0.0037254984971000216,0.06095679012345676,0.004739858906525576,0.14582414756025866,0.0,378,/u/yliu105/MAS_UQ/preds/uq/uq_metrics_mas_Qwen_Qwen3-8B_mbppplus_sequential_anchor_test_seed42_n378.json
mbppplus,sequential,Qwen/Qwen3-8B,continuous,0.8095238095238095,Formula-Uncertainty-Final,0.6137209513435004,0.010298656499636905,0.1875818458746695,0.14803158132440342,0.17882980742947477,0.03275176510143224,378,/u/yliu105/MAS_UQ/preds/uq/uq_metrics_mas_Qwen_Qwen3-8B_mbppplus_sequential_continuous_test_seed42_n378.json
mbppplus,sequential,Qwen/Qwen3-8B,continuous,0.8095238095238095,Formula-Uncertainty-Max,0.6092274872912128,0.01479212055192447,0.19656369189814812,0.15701342734788204,0.18070716072920948,0.03462911840116695,378,/u/yliu105/MAS_UQ/preds/uq/uq_metrics_mas_Qwen_Qwen3-8B_mbppplus_sequential_continuous_test_seed42_n378.json
mbppplus,sequential,Qwen/Qwen3-8B,continuous,0.8095238095238095,Formula-Uncertainty-Mean,0.621210058097313,0.002809549745824258,0.1099451842592591,0.07039491970899302,0.15443215160483614,0.008354109276793614,378,/u/yliu105/MAS_UQ/preds/uq/uq_metrics_mas_Qwen_Qwen3-8B_mbppplus_sequential_continuous_test_seed42_n378.json
mbppplus,sequential,Qwen/Qwen3-8B,continuous,0.8095238095238095,Hazard-h-Final,0.6240196078431373,0.0,0.1922850604803858,0.1527347959301197,0.17718472710988417,0.031106684781841643,376,/u/yliu105/MAS_UQ/preds/uq/uq_metrics_mas_Qwen_Qwen3-8B_mbppplus_sequential_continuous_test_seed42_n378.json
mbppplus,sequential,Qwen/Qwen3-8B,continuous,0.8095238095238095,Hazard-h-Max,0.6092274872912128,0.01479212055192447,0.19656369189814812,0.15701342734788204,0.18070716072920948,0.03462911840116695,378,/u/yliu105/MAS_UQ/preds/uq/uq_metrics_mas_Qwen_Qwen3-8B_mbppplus_sequential_continuous_test_seed42_n378.json
mbppplus,sequential,Qwen/Qwen3-8B,continuous,0.8095238095238095,Hazard-h-Mean,0.621210058097313,0.002809549745824258,0.1099451842592591,0.07039491970899302,0.15443215160483614,0.008354109276793614,378,/u/yliu105/MAS_UQ/preds/uq/uq_metrics_mas_Qwen_Qwen3-8B_mbppplus_sequential_continuous_test_seed42_n378.json
mbppplus,sequential,Qwen/Qwen3-8B,continuous,0.8095238095238095,System-Uncertainty-Final,0.6207107843137255,0.003308823529411753,0.11850435627754162,0.07895409172727554,0.1555005277526817,0.009422485424639165,378,/u/yliu105/MAS_UQ/preds/uq/uq_metrics_mas_Qwen_Qwen3-8B_mbppplus_sequential_continuous_test_seed42_n378.json
mbppplus,sequential,Qwen/Qwen3-8B,continuous,0.8095238095238095,Uncertainty-Final,0.53789941902687,0.08612018881626726,0.08412698412698402,0.04457671957671794,0.15653439153439136,0.01045634920634883,378,/u/yliu105/MAS_UQ/preds/uq/uq_metrics_mas_Qwen_Qwen3-8B_mbppplus_sequential_continuous_test_seed42_n378.json
mbppplus,sequential,Qwen/Qwen3-8B,continuous,0.8095238095238095,Uncertainty-Max,0.6199845679012346,0.004035039941902685,0.039550264550266084,0.0,0.14607804232804253,0.0,378,/u/yliu105/MAS_UQ/preds/uq/uq_metrics_mas_Qwen_Qwen3-8B_mbppplus_sequential_continuous_test_seed42_n378.json
mbppplus,sequential,Qwen/Qwen3-8B,continuous,0.8095238095238095,Uncertainty-Mean,0.6210285039941903,0.0029911038489469632,0.05026455026454965,0.010714285714283567,0.1467989417989416,0.0007208994708990668,378,/u/yliu105/MAS_UQ/preds/uq/uq_metrics_mas_Qwen_Qwen3-8B_mbppplus_sequential_continuous_test_seed42_n378.json
mbppplus,sequential,google/gemma-3-12b-it,anchor,0.6957671957671958,Formula-Uncertainty-Final,0.6898826252273103,0.005438915523227061,0.17204002097800922,0.10474504743303563,0.22931101906394202,0.03164581293519425,378,/u/yliu105/MAS_UQ/preds/uq/uq_metrics_mas_google_gemma-3-12b-it_mbppplus_sequential_anchor_test_seed42_n378.json
mbppplus,sequential,google/gemma-3-12b-it,anchor,0.6957671957671958,Formula-Uncertainty-Max,0.6834187469003141,0.011902793850223192,0.20305072441302904,0.13575575086805547,0.2424748871061537,0.044809680977405925,378,/u/yliu105/MAS_UQ/preds/uq/uq_metrics_mas_google_gemma-3-12b-it_mbppplus_sequential_anchor_test_seed42_n378.json
mbppplus,sequential,google/gemma-3-12b-it,anchor,0.6957671957671958,Formula-Uncertainty-Mean,0.6815176062159034,0.01380393453463391,0.14684103237468304,0.07954605882970946,0.21539193096826362,0.017726724839515845,378,/u/yliu105/MAS_UQ/preds/uq/uq_metrics_mas_google_gemma-3-12b-it_mbppplus_sequential_anchor_test_seed42_n378.json
mbppplus,sequential,google/gemma-3-12b-it,anchor,0.6957671957671958,Hazard-h-Final,0.6886969331726263,0.006624607577911057,0.1720460932305519,0.1047511196855783,0.22946774646481302,0.03180254033606525,376,/u/yliu105/MAS_UQ/preds/uq/uq_metrics_mas_google_gemma-3-12b-it_mbppplus_sequential_anchor_test_seed42_n378.json
mbppplus,sequential,google/gemma-3-12b-it,anchor,0.6957671957671958,Hazard-h-Max,0.6834187469003141,0.011902793850223192,0.20305072441302904,0.13575575086805547,0.2424748871061537,0.044809680977405925,378,/u/yliu105/MAS_UQ/preds/uq/uq_metrics_mas_google_gemma-3-12b-it_mbppplus_sequential_anchor_test_seed42_n378.json
mbppplus,sequential,google/gemma-3-12b-it,anchor,0.6957671957671958,Hazard-h-Mean,0.6815176062159034,0.01380393453463391,0.14684103237468304,0.07954605882970946,0.21539193096826362,0.017726724839515845,378,/u/yliu105/MAS_UQ/preds/uq/uq_metrics_mas_google_gemma-3-12b-it_mbppplus_sequential_anchor_test_seed42_n378.json
mbppplus,sequential,google/gemma-3-12b-it,anchor,0.6957671957671958,System-Uncertainty-Final,0.6831542403703091,0.012167300380228174,0.15583094078473936,0.08853596723976577,0.2179587402642628,0.020293534135515018,378,/u/yliu105/MAS_UQ/preds/uq/uq_metrics_mas_google_gemma-3-12b-it_mbppplus_sequential_anchor_test_seed42_n378.json
mbppplus,sequential,google/gemma-3-12b-it,anchor,0.6957671957671958,Uncertainty-Final,0.6412464870226484,0.0540750537278889,0.13888888888888892,0.07159391534391533,0.22453703703703703,0.026871830908289263,378,/u/yliu105/MAS_UQ/preds/uq/uq_metrics_mas_google_gemma-3-12b-it_mbppplus_sequential_anchor_test_seed42_n378.json
mbppplus,sequential,google/gemma-3-12b-it,anchor,0.6957671957671958,Uncertainty-Max,0.662291287816168,0.03303025293436934,0.08134920634920632,0.014054232804232736,0.20089285714285715,0.0032276510141093784,378,/u/yliu105/MAS_UQ/preds/uq/uq_metrics_mas_google_gemma-3-12b-it_mbppplus_sequential_anchor_test_seed42_n378.json
mbppplus,sequential,google/gemma-3-12b-it,anchor,0.6957671957671958,Uncertainty-Mean,0.6953215407505373,0.0,0.06729497354497359,0.0,0.19766520612874777,0.0,378,/u/yliu105/MAS_UQ/preds/uq/uq_metrics_mas_google_gemma-3-12b-it_mbppplus_sequential_anchor_test_seed42_n378.json
mbppplus,sequential,google/gemma-3-12b-it,continuous,0.6957671957671958,Formula-Uncertainty-Final,0.7476442387171434,0.012118320152558315,0.08515073521825522,0.0018349884631282676,0.1877990560586752,0.007708930205270248,378,/u/yliu105/MAS_UQ/preds/uq/uq_metrics_mas_google_gemma-3-12b-it_mbppplus_sequential_continuous_test_seed42_n378.json
mbppplus,sequential,google/gemma-3-12b-it,continuous,0.6957671957671958,Formula-Uncertainty-Max,0.7459910729046123,0.01377148596508937,0.08331574675512696,0.0,0.18769517246328374,0.0076050466098787906,378,/u/yliu105/MAS_UQ/preds/uq/uq_metrics_mas_google_gemma-3-12b-it_mbppplus_sequential_continuous_test_seed42_n378.json
mbppplus,sequential,google/gemma-3-12b-it,continuous,0.6957671957671958,Formula-Uncertainty-Mean,0.7422549181682923,0.01750764070140942,0.11733697828690048,0.03402123153177353,0.2007317752771613,0.020641649423756347,378,/u/yliu105/MAS_UQ/preds/uq/uq_metrics_mas_google_gemma-3-12b-it_mbppplus_sequential_continuous_test_seed42_n378.json
mbppplus,sequential,google/gemma-3-12b-it,continuous,0.6957671957671958,Hazard-h-Final,0.7597625588697017,0.0,0.09028049535714405,0.006964748602017096,0.18009012585340495,0.0,315,/u/yliu105/MAS_UQ/preds/uq/uq_metrics_mas_google_gemma-3-12b-it_mbppplus_sequential_continuous_test_seed42_n378.json
mbppplus,sequential,google/gemma-3-12b-it,continuous,0.6957671957671958,Hazard-h-Max,0.7459910729046123,0.01377148596508937,0.08331574675512696,0.0,0.18769517246328374,0.0076050466098787906,378,/u/yliu105/MAS_UQ/preds/uq/uq_metrics_mas_google_gemma-3-12b-it_mbppplus_sequential_continuous_test_seed42_n378.json
mbppplus,sequential,google/gemma-3-12b-it,continuous,0.6957671957671958,Hazard-h-Mean,0.7422549181682923,0.01750764070140942,0.11733697828690048,0.03402123153177353,0.2007317752771613,0.020641649423756347,378,/u/yliu105/MAS_UQ/preds/uq/uq_metrics_mas_google_gemma-3-12b-it_mbppplus_sequential_continuous_test_seed42_n378.json
mbppplus,sequential,google/gemma-3-12b-it,continuous,0.6957671957671958,System-Uncertainty-Final,0.7425524880145479,0.017210070855153803,0.11530861792857798,0.031992871173451023,0.19967843722989212,0.019588311376487172,378,/u/yliu105/MAS_UQ/preds/uq/uq_metrics_mas_google_gemma-3-12b-it_mbppplus_sequential_continuous_test_seed42_n378.json
mbppplus,sequential,google/gemma-3-12b-it,continuous,0.6957671957671958,Uncertainty-Final,0.5913704744585881,0.16839208441111353,0.24576719576719017,0.1624514490120632,0.2655952380952376,0.08550511224183266,378,/u/yliu105/MAS_UQ/preds/uq/uq_metrics_mas_google_gemma-3-12b-it_mbppplus_sequential_continuous_test_seed42_n378.json
mbppplus,sequential,google/gemma-3-12b-it,continuous,0.6957671957671958,Uncertainty-Max,0.7080343858489007,0.051728173020801016,0.17751322751322635,0.09419748075809939,0.22306878306878222,0.042978657215377275,378,/u/yliu105/MAS_UQ/preds/uq/uq_metrics_mas_google_gemma-3-12b-it_mbppplus_sequential_continuous_test_seed42_n378.json
mbppplus,sequential,google/gemma-3-12b-it,continuous,0.6957671957671958,Uncertainty-Mean,0.7530335592659944,0.00672899960370732,0.2206679894179893,0.13735224266286233,0.24484811324221026,0.06475798738880531,378,/u/yliu105/MAS_UQ/preds/uq/uq_metrics_mas_google_gemma-3-12b-it_mbppplus_sequential_continuous_test_seed42_n378.json
